-- Archivo Seed para KoreGT
INSERT INTO roles_usuario (nombre, descripcion) VALUES ('cliente', 'Descripción del rol cliente');
INSERT INTO roles_usuario (nombre, descripcion) VALUES ('administrador', 'Descripción del rol administrador');
INSERT INTO roles_usuario (nombre, descripcion) VALUES ('superadministrador', 'Descripción del rol superadministrador');
INSERT INTO roles_usuario (nombre, descripcion) VALUES ('rol_especial_4', 'Descripción del rol rol_especial_4');
INSERT INTO roles_usuario (nombre, descripcion) VALUES ('rol_especial_5', 'Descripción del rol rol_especial_5');
INSERT INTO roles_usuario (nombre, descripcion) VALUES ('rol_especial_6', 'Descripción del rol rol_especial_6');
INSERT INTO roles_usuario (nombre, descripcion) VALUES ('rol_especial_7', 'Descripción del rol rol_especial_7');
INSERT INTO roles_usuario (nombre, descripcion) VALUES ('rol_especial_8', 'Descripción del rol rol_especial_8');
INSERT INTO roles_usuario (nombre, descripcion) VALUES ('rol_especial_9', 'Descripción del rol rol_especial_9');
INSERT INTO roles_usuario (nombre, descripcion) VALUES ('rol_especial_10', 'Descripción del rol rol_especial_10');
INSERT INTO roles_usuario (nombre, descripcion) VALUES ('rol_especial_11', 'Descripción del rol rol_especial_11');
INSERT INTO roles_usuario (nombre, descripcion) VALUES ('rol_especial_12', 'Descripción del rol rol_especial_12');
INSERT INTO roles_usuario (nombre, descripcion) VALUES ('rol_especial_13', 'Descripción del rol rol_especial_13');
INSERT INTO roles_usuario (nombre, descripcion) VALUES ('rol_especial_14', 'Descripción del rol rol_especial_14');
INSERT INTO roles_usuario (nombre, descripcion) VALUES ('rol_especial_15', 'Descripción del rol rol_especial_15');
INSERT INTO roles_usuario (nombre, descripcion) VALUES ('rol_especial_16', 'Descripción del rol rol_especial_16');
INSERT INTO roles_usuario (nombre, descripcion) VALUES ('rol_especial_17', 'Descripción del rol rol_especial_17');
INSERT INTO roles_usuario (nombre, descripcion) VALUES ('rol_especial_18', 'Descripción del rol rol_especial_18');
INSERT INTO roles_usuario (nombre, descripcion) VALUES ('rol_especial_19', 'Descripción del rol rol_especial_19');
INSERT INTO roles_usuario (nombre, descripcion) VALUES ('rol_especial_20', 'Descripción del rol rol_especial_20');
INSERT INTO roles_usuario (nombre, descripcion) VALUES ('rol_especial_21', 'Descripción del rol rol_especial_21');
INSERT INTO roles_usuario (nombre, descripcion) VALUES ('rol_especial_22', 'Descripción del rol rol_especial_22');
INSERT INTO roles_usuario (nombre, descripcion) VALUES ('rol_especial_23', 'Descripción del rol rol_especial_23');
INSERT INTO roles_usuario (nombre, descripcion) VALUES ('rol_especial_24', 'Descripción del rol rol_especial_24');
INSERT INTO roles_usuario (nombre, descripcion) VALUES ('rol_especial_25', 'Descripción del rol rol_especial_25');
INSERT INTO usuarios (nombre_completo, correo, contrasena_hash, telefono, id_rol, activo) VALUES ('Juan Perez', 'juan.perez@ejemplo.com', '2bb80d537b1da3e38bd30361aa855686bde0eacd7162fef6a25fe97bf527a25b', '55550000', 3, true);
INSERT INTO usuarios (nombre_completo, correo, contrasena_hash, telefono, id_rol, activo) VALUES ('Maria Garcia', 'maria.garcia@ejemplo.com', '2bb80d537b1da3e38bd30361aa855686bde0eacd7162fef6a25fe97bf527a25b', '55550001', 2, true);
INSERT INTO usuarios (nombre_completo, correo, contrasena_hash, telefono, id_rol, activo) VALUES ('Carlos Lopez', 'carlos.lopez@ejemplo.com', '2bb80d537b1da3e38bd30361aa855686bde0eacd7162fef6a25fe97bf527a25b', '55550002', 2, true);
INSERT INTO usuarios (nombre_completo, correo, contrasena_hash, telefono, id_rol, activo) VALUES ('Ana Martinez', 'ana.martinez@ejemplo.com', '2bb80d537b1da3e38bd30361aa855686bde0eacd7162fef6a25fe97bf527a25b', '55550003', 1, true);
INSERT INTO usuarios (nombre_completo, correo, contrasena_hash, telefono, id_rol, activo) VALUES ('Luis Gonzalez', 'luis.gonzalez@ejemplo.com', '2bb80d537b1da3e38bd30361aa855686bde0eacd7162fef6a25fe97bf527a25b', '55550004', 1, true);
INSERT INTO usuarios (nombre_completo, correo, contrasena_hash, telefono, id_rol, activo) VALUES ('Jose Rodriguez', 'jose.rodriguez@ejemplo.com', '2bb80d537b1da3e38bd30361aa855686bde0eacd7162fef6a25fe97bf527a25b', '55550005', 1, true);
INSERT INTO usuarios (nombre_completo, correo, contrasena_hash, telefono, id_rol, activo) VALUES ('Laura Hernandez', 'laura.hernandez@ejemplo.com', '2bb80d537b1da3e38bd30361aa855686bde0eacd7162fef6a25fe97bf527a25b', '55550006', 1, true);
INSERT INTO usuarios (nombre_completo, correo, contrasena_hash, telefono, id_rol, activo) VALUES ('Pedro Ramirez', 'pedro.ramirez@ejemplo.com', '2bb80d537b1da3e38bd30361aa855686bde0eacd7162fef6a25fe97bf527a25b', '55550007', 1, true);
INSERT INTO usuarios (nombre_completo, correo, contrasena_hash, telefono, id_rol, activo) VALUES ('Sofia Cruz', 'sofia.cruz@ejemplo.com', '2bb80d537b1da3e38bd30361aa855686bde0eacd7162fef6a25fe97bf527a25b', '55550008', 1, true);
INSERT INTO usuarios (nombre_completo, correo, contrasena_hash, telefono, id_rol, activo) VALUES ('Diego Flores', 'diego.flores@ejemplo.com', '2bb80d537b1da3e38bd30361aa855686bde0eacd7162fef6a25fe97bf527a25b', '55550009', 1, true);
INSERT INTO usuarios (nombre_completo, correo, contrasena_hash, telefono, id_rol, activo) VALUES ('Marta Gomez', 'marta.gomez@ejemplo.com', '2bb80d537b1da3e38bd30361aa855686bde0eacd7162fef6a25fe97bf527a25b', '55550010', 1, true);
INSERT INTO usuarios (nombre_completo, correo, contrasena_hash, telefono, id_rol, activo) VALUES ('Jorge Diaz', 'jorge.diaz@ejemplo.com', '2bb80d537b1da3e38bd30361aa855686bde0eacd7162fef6a25fe97bf527a25b', '55550011', 1, true);
INSERT INTO usuarios (nombre_completo, correo, contrasena_hash, telefono, id_rol, activo) VALUES ('Elena Reyes', 'elena.reyes@ejemplo.com', '2bb80d537b1da3e38bd30361aa855686bde0eacd7162fef6a25fe97bf527a25b', '55550012', 1, true);
INSERT INTO usuarios (nombre_completo, correo, contrasena_hash, telefono, id_rol, activo) VALUES ('Raul Morales', 'raul.morales@ejemplo.com', '2bb80d537b1da3e38bd30361aa855686bde0eacd7162fef6a25fe97bf527a25b', '55550013', 1, true);
INSERT INTO usuarios (nombre_completo, correo, contrasena_hash, telefono, id_rol, activo) VALUES ('Carmen Ortiz', 'carmen.ortiz@ejemplo.com', '2bb80d537b1da3e38bd30361aa855686bde0eacd7162fef6a25fe97bf527a25b', '55550014', 1, true);
INSERT INTO usuarios (nombre_completo, correo, contrasena_hash, telefono, id_rol, activo) VALUES ('Miguel Silva', 'miguel.silva@ejemplo.com', '2bb80d537b1da3e38bd30361aa855686bde0eacd7162fef6a25fe97bf527a25b', '55550015', 1, true);
INSERT INTO usuarios (nombre_completo, correo, contrasena_hash, telefono, id_rol, activo) VALUES ('Rosa Romero', 'rosa.romero@ejemplo.com', '2bb80d537b1da3e38bd30361aa855686bde0eacd7162fef6a25fe97bf527a25b', '55550016', 1, true);
INSERT INTO usuarios (nombre_completo, correo, contrasena_hash, telefono, id_rol, activo) VALUES ('Victor Vargas', 'victor.vargas@ejemplo.com', '2bb80d537b1da3e38bd30361aa855686bde0eacd7162fef6a25fe97bf527a25b', '55550017', 1, true);
INSERT INTO usuarios (nombre_completo, correo, contrasena_hash, telefono, id_rol, activo) VALUES ('Lucia Castro', 'lucia.castro@ejemplo.com', '2bb80d537b1da3e38bd30361aa855686bde0eacd7162fef6a25fe97bf527a25b', '55550018', 1, true);
INSERT INTO usuarios (nombre_completo, correo, contrasena_hash, telefono, id_rol, activo) VALUES ('Hugo Ruiz', 'hugo.ruiz@ejemplo.com', '2bb80d537b1da3e38bd30361aa855686bde0eacd7162fef6a25fe97bf527a25b', '55550019', 1, true);
INSERT INTO usuarios (nombre_completo, correo, contrasena_hash, telefono, id_rol, activo) VALUES ('Silvia Mendoza', 'silvia.mendoza@ejemplo.com', '2bb80d537b1da3e38bd30361aa855686bde0eacd7162fef6a25fe97bf527a25b', '55550020', 1, true);
INSERT INTO usuarios (nombre_completo, correo, contrasena_hash, telefono, id_rol, activo) VALUES ('Alberto Aguilar', 'alberto.aguilar@ejemplo.com', '2bb80d537b1da3e38bd30361aa855686bde0eacd7162fef6a25fe97bf527a25b', '55550021', 1, true);
INSERT INTO usuarios (nombre_completo, correo, contrasena_hash, telefono, id_rol, activo) VALUES ('Patricia Suarez', 'patricia.suarez@ejemplo.com', '2bb80d537b1da3e38bd30361aa855686bde0eacd7162fef6a25fe97bf527a25b', '55550022', 1, true);
INSERT INTO usuarios (nombre_completo, correo, contrasena_hash, telefono, id_rol, activo) VALUES ('Mario Castillo', 'mario.castillo@ejemplo.com', '2bb80d537b1da3e38bd30361aa855686bde0eacd7162fef6a25fe97bf527a25b', '55550023', 1, true);
INSERT INTO usuarios (nombre_completo, correo, contrasena_hash, telefono, id_rol, activo) VALUES ('Teresa Delgado', 'teresa.delgado@ejemplo.com', '2bb80d537b1da3e38bd30361aa855686bde0eacd7162fef6a25fe97bf527a25b', '55550024', 1, true);
INSERT INTO sesiones (id_usuario, token_hash, ip, user_agent, expira_en) VALUES (1, 'ccee1a67bb5b1c0b2cc95e39dfa8ed366388a3664558f408e0a606569337251d', '192.168.1.1', 'Mozilla/5.0', CURRENT_TIMESTAMP + INTERVAL '1 day');
INSERT INTO sesiones (id_usuario, token_hash, ip, user_agent, expira_en) VALUES (2, '403d2b0f6874f04d0b86da34a1ea338c811bfa6a5529b37d4d73ef09c544f81e', '192.168.1.2', 'Mozilla/5.0', CURRENT_TIMESTAMP + INTERVAL '1 day');
INSERT INTO sesiones (id_usuario, token_hash, ip, user_agent, expira_en) VALUES (3, '249f65ed5d61c2eef493d2bc527ce3ab8fc5b9be64929ce82568aa981e3820dc', '192.168.1.3', 'Mozilla/5.0', CURRENT_TIMESTAMP + INTERVAL '1 day');
INSERT INTO sesiones (id_usuario, token_hash, ip, user_agent, expira_en) VALUES (4, '3337ac6bbd23df24ea0439c26287e5116a66335393e50a15c926502e8123971a', '192.168.1.4', 'Mozilla/5.0', CURRENT_TIMESTAMP + INTERVAL '1 day');
INSERT INTO sesiones (id_usuario, token_hash, ip, user_agent, expira_en) VALUES (5, '7ef3a889fd57a60cc8cff6eca2713ac916524e84d8bbde41a490f70da9d21fa1', '192.168.1.5', 'Mozilla/5.0', CURRENT_TIMESTAMP + INTERVAL '1 day');
INSERT INTO sesiones (id_usuario, token_hash, ip, user_agent, expira_en) VALUES (6, '5bcb69241c7eb1294aa631d57be9a46b6244b0d968c86e492138bc088b43e6cf', '192.168.1.6', 'Mozilla/5.0', CURRENT_TIMESTAMP + INTERVAL '1 day');
INSERT INTO sesiones (id_usuario, token_hash, ip, user_agent, expira_en) VALUES (7, '7574c379681caf87cd27d59d79447531c9b35eeaf0f56dd019fbdf174a0b72e6', '192.168.1.7', 'Mozilla/5.0', CURRENT_TIMESTAMP + INTERVAL '1 day');
INSERT INTO sesiones (id_usuario, token_hash, ip, user_agent, expira_en) VALUES (8, '98b48ad78dae63cc63551c717edd501c05acbf04f766245608184d8f17be0454', '192.168.1.8', 'Mozilla/5.0', CURRENT_TIMESTAMP + INTERVAL '1 day');
INSERT INTO sesiones (id_usuario, token_hash, ip, user_agent, expira_en) VALUES (9, '624cbdf1f59ba50d4d294c28a9942aa2488cd502574f345f6ac6329dc496e704', '192.168.1.9', 'Mozilla/5.0', CURRENT_TIMESTAMP + INTERVAL '1 day');
INSERT INTO sesiones (id_usuario, token_hash, ip, user_agent, expira_en) VALUES (10, '7f187a8c83f060529152c12abda93a7d5d4eec7b703cebaea9ce68d0f01782f0', '192.168.1.10', 'Mozilla/5.0', CURRENT_TIMESTAMP + INTERVAL '1 day');
INSERT INTO sesiones (id_usuario, token_hash, ip, user_agent, expira_en) VALUES (11, '1711c1e2c5b8599d5b2170bdb11112e01e29a34add28a6e83347d5b6b1639831', '192.168.1.11', 'Mozilla/5.0', CURRENT_TIMESTAMP + INTERVAL '1 day');
INSERT INTO sesiones (id_usuario, token_hash, ip, user_agent, expira_en) VALUES (12, '00579d577d3d51717db1b347627760fb89801d02dc24bfe8b42eb867c841f2bb', '192.168.1.12', 'Mozilla/5.0', CURRENT_TIMESTAMP + INTERVAL '1 day');
INSERT INTO sesiones (id_usuario, token_hash, ip, user_agent, expira_en) VALUES (13, 'd499f033ce41b55937b6f2bacf1c85af3b2a38e68b06247194c8984053c18d98', '192.168.1.13', 'Mozilla/5.0', CURRENT_TIMESTAMP + INTERVAL '1 day');
INSERT INTO sesiones (id_usuario, token_hash, ip, user_agent, expira_en) VALUES (14, '0ebd4584777ea0571928971cfcf3385004c17995650d5a1cf976528c3d8da408', '192.168.1.14', 'Mozilla/5.0', CURRENT_TIMESTAMP + INTERVAL '1 day');
INSERT INTO sesiones (id_usuario, token_hash, ip, user_agent, expira_en) VALUES (15, '8198c3b0651e2be938092532c13af497b7fd1e6a476cc99da646167d397ab7bf', '192.168.1.15', 'Mozilla/5.0', CURRENT_TIMESTAMP + INTERVAL '1 day');
INSERT INTO sesiones (id_usuario, token_hash, ip, user_agent, expira_en) VALUES (16, '4026f74d953fd1aaca78b15ab26cc44d6a7f9431a1eb8b50e9ead77e4585f0d8', '192.168.1.16', 'Mozilla/5.0', CURRENT_TIMESTAMP + INTERVAL '1 day');
INSERT INTO sesiones (id_usuario, token_hash, ip, user_agent, expira_en) VALUES (17, 'bf54f30877803fe7069d9cf51e4b0abbdcad45e20c9240070309fb55a363842a', '192.168.1.17', 'Mozilla/5.0', CURRENT_TIMESTAMP + INTERVAL '1 day');
INSERT INTO sesiones (id_usuario, token_hash, ip, user_agent, expira_en) VALUES (18, '7d8667fe25bb0a4143f23d7659ca296ba2fda7bf19b436751d261202a9e40840', '192.168.1.18', 'Mozilla/5.0', CURRENT_TIMESTAMP + INTERVAL '1 day');
INSERT INTO sesiones (id_usuario, token_hash, ip, user_agent, expira_en) VALUES (19, '583e15405c237465504b6fe704f5f40401b03aad61541178b4a15df9dbcd2008', '192.168.1.19', 'Mozilla/5.0', CURRENT_TIMESTAMP + INTERVAL '1 day');
INSERT INTO sesiones (id_usuario, token_hash, ip, user_agent, expira_en) VALUES (20, '7bb21aa64f8922425780851034d9c1bd6f606a164d7627a54b0828a8e2a47c07', '192.168.1.20', 'Mozilla/5.0', CURRENT_TIMESTAMP + INTERVAL '1 day');
INSERT INTO sesiones (id_usuario, token_hash, ip, user_agent, expira_en) VALUES (21, 'b6f6cecc1599804af3a8e9cc01d5fa8b69230cef37ae3092dd2ef9c392b930fe', '192.168.1.21', 'Mozilla/5.0', CURRENT_TIMESTAMP + INTERVAL '1 day');
INSERT INTO sesiones (id_usuario, token_hash, ip, user_agent, expira_en) VALUES (22, 'b4a3393c060d9cec288c83a2f0a03d133330aa23ac676e48963c6c84986e1ee8', '192.168.1.22', 'Mozilla/5.0', CURRENT_TIMESTAMP + INTERVAL '1 day');
INSERT INTO sesiones (id_usuario, token_hash, ip, user_agent, expira_en) VALUES (23, '49731efc992ba2dfe03e077a208205ce011962b8737a1d8ef0160fc353618c82', '192.168.1.23', 'Mozilla/5.0', CURRENT_TIMESTAMP + INTERVAL '1 day');
INSERT INTO sesiones (id_usuario, token_hash, ip, user_agent, expira_en) VALUES (24, '95277dc050dc4bd0ba1e9614ff083ee6895de85fb065e13a623029b5e828eb62', '192.168.1.24', 'Mozilla/5.0', CURRENT_TIMESTAMP + INTERVAL '1 day');
INSERT INTO sesiones (id_usuario, token_hash, ip, user_agent, expira_en) VALUES (25, '03b5a348d2400e4dd4d3f5135803e776eaecb99cdfa3af29c9970a3afec50828', '192.168.1.25', 'Mozilla/5.0', CURRENT_TIMESTAMP + INTERVAL '1 day');
INSERT INTO direcciones (id_usuario, alias, departamento, municipio, zona, direccion_linea1, es_predeterminada) VALUES (1, 'Casa', 'Guatemala', 'Municipio 1', 'Zona 1', 'Avenida 1 Calle 2', true);
INSERT INTO direcciones (id_usuario, alias, departamento, municipio, zona, direccion_linea1, es_predeterminada) VALUES (2, 'Casa', 'Alta Verapaz', 'Municipio 2', 'Zona 1', 'Avenida 2 Calle 3', true);
INSERT INTO direcciones (id_usuario, alias, departamento, municipio, zona, direccion_linea1, es_predeterminada) VALUES (3, 'Casa', 'Baja Verapaz', 'Municipio 3', 'Zona 1', 'Avenida 3 Calle 4', true);
INSERT INTO direcciones (id_usuario, alias, departamento, municipio, zona, direccion_linea1, es_predeterminada) VALUES (4, 'Casa', 'Chimaltenango', 'Municipio 4', 'Zona 1', 'Avenida 4 Calle 5', true);
INSERT INTO direcciones (id_usuario, alias, departamento, municipio, zona, direccion_linea1, es_predeterminada) VALUES (5, 'Casa', 'Chiquimula', 'Municipio 5', 'Zona 1', 'Avenida 5 Calle 6', true);
INSERT INTO direcciones (id_usuario, alias, departamento, municipio, zona, direccion_linea1, es_predeterminada) VALUES (6, 'Casa', 'El Progreso', 'Municipio 6', 'Zona 1', 'Avenida 6 Calle 7', true);
INSERT INTO direcciones (id_usuario, alias, departamento, municipio, zona, direccion_linea1, es_predeterminada) VALUES (7, 'Casa', 'Escuintla', 'Municipio 7', 'Zona 1', 'Avenida 7 Calle 8', true);
INSERT INTO direcciones (id_usuario, alias, departamento, municipio, zona, direccion_linea1, es_predeterminada) VALUES (8, 'Casa', 'Jalapa', 'Municipio 8', 'Zona 1', 'Avenida 8 Calle 9', true);
INSERT INTO direcciones (id_usuario, alias, departamento, municipio, zona, direccion_linea1, es_predeterminada) VALUES (9, 'Casa', 'Jutiapa', 'Municipio 9', 'Zona 1', 'Avenida 9 Calle 10', true);
INSERT INTO direcciones (id_usuario, alias, departamento, municipio, zona, direccion_linea1, es_predeterminada) VALUES (10, 'Casa', 'Peten', 'Municipio 10', 'Zona 1', 'Avenida 10 Calle 11', true);
INSERT INTO direcciones (id_usuario, alias, departamento, municipio, zona, direccion_linea1, es_predeterminada) VALUES (11, 'Casa', 'Quetzaltenango', 'Municipio 11', 'Zona 1', 'Avenida 11 Calle 12', true);
INSERT INTO direcciones (id_usuario, alias, departamento, municipio, zona, direccion_linea1, es_predeterminada) VALUES (12, 'Casa', 'Quiche', 'Municipio 12', 'Zona 1', 'Avenida 12 Calle 13', true);
INSERT INTO direcciones (id_usuario, alias, departamento, municipio, zona, direccion_linea1, es_predeterminada) VALUES (13, 'Casa', 'Retalhuleu', 'Municipio 13', 'Zona 1', 'Avenida 13 Calle 14', true);
INSERT INTO direcciones (id_usuario, alias, departamento, municipio, zona, direccion_linea1, es_predeterminada) VALUES (14, 'Casa', 'Sacatepequez', 'Municipio 14', 'Zona 1', 'Avenida 14 Calle 15', true);
INSERT INTO direcciones (id_usuario, alias, departamento, municipio, zona, direccion_linea1, es_predeterminada) VALUES (15, 'Casa', 'San Marcos', 'Municipio 15', 'Zona 1', 'Avenida 15 Calle 16', true);
INSERT INTO direcciones (id_usuario, alias, departamento, municipio, zona, direccion_linea1, es_predeterminada) VALUES (16, 'Casa', 'Santa Rosa', 'Municipio 16', 'Zona 1', 'Avenida 16 Calle 17', true);
INSERT INTO direcciones (id_usuario, alias, departamento, municipio, zona, direccion_linea1, es_predeterminada) VALUES (17, 'Casa', 'Solola', 'Municipio 17', 'Zona 1', 'Avenida 17 Calle 18', true);
INSERT INTO direcciones (id_usuario, alias, departamento, municipio, zona, direccion_linea1, es_predeterminada) VALUES (18, 'Casa', 'Suchitepequez', 'Municipio 18', 'Zona 1', 'Avenida 18 Calle 19', true);
INSERT INTO direcciones (id_usuario, alias, departamento, municipio, zona, direccion_linea1, es_predeterminada) VALUES (19, 'Casa', 'Totonicapan', 'Municipio 19', 'Zona 1', 'Avenida 19 Calle 20', true);
INSERT INTO direcciones (id_usuario, alias, departamento, municipio, zona, direccion_linea1, es_predeterminada) VALUES (20, 'Casa', 'Zacapa', 'Municipio 20', 'Zona 1', 'Avenida 20 Calle 21', true);
INSERT INTO direcciones (id_usuario, alias, departamento, municipio, zona, direccion_linea1, es_predeterminada) VALUES (21, 'Casa', 'Izabal', 'Municipio 21', 'Zona 1', 'Avenida 21 Calle 22', true);
INSERT INTO direcciones (id_usuario, alias, departamento, municipio, zona, direccion_linea1, es_predeterminada) VALUES (22, 'Casa', 'Huehuetenango', 'Municipio 22', 'Zona 1', 'Avenida 22 Calle 23', true);
INSERT INTO direcciones (id_usuario, alias, departamento, municipio, zona, direccion_linea1, es_predeterminada) VALUES (23, 'Casa', 'Jalapa', 'Municipio 23', 'Zona 1', 'Avenida 23 Calle 24', true);
INSERT INTO direcciones (id_usuario, alias, departamento, municipio, zona, direccion_linea1, es_predeterminada) VALUES (24, 'Casa', 'Guatemala', 'Municipio 24', 'Zona 1', 'Avenida 24 Calle 25', true);
INSERT INTO direcciones (id_usuario, alias, departamento, municipio, zona, direccion_linea1, es_predeterminada) VALUES (25, 'Casa', 'Escuintla', 'Municipio 25', 'Zona 1', 'Avenida 25 Calle 26', true);
INSERT INTO proveedores (nombre, contacto_nombre, contacto_correo, pais) VALUES ('Intcomex', 'Contacto Intcomex', 'contacto@intcomex.com', 'Guatemala');
INSERT INTO proveedores (nombre, contacto_nombre, contacto_correo, pais) VALUES ('Macrosistemas', 'Contacto Macrosistemas', 'contacto@macrosistemas.com', 'Guatemala');
INSERT INTO proveedores (nombre, contacto_nombre, contacto_correo, pais) VALUES ('Proveedor_Local_3', 'Contacto Proveedor_Local_3', 'contacto@proveedor_local_3.com', 'Guatemala');
INSERT INTO proveedores (nombre, contacto_nombre, contacto_correo, pais) VALUES ('Proveedor_Local_4', 'Contacto Proveedor_Local_4', 'contacto@proveedor_local_4.com', 'Guatemala');
INSERT INTO proveedores (nombre, contacto_nombre, contacto_correo, pais) VALUES ('Proveedor_Local_5', 'Contacto Proveedor_Local_5', 'contacto@proveedor_local_5.com', 'Guatemala');
INSERT INTO proveedores (nombre, contacto_nombre, contacto_correo, pais) VALUES ('Proveedor_Local_6', 'Contacto Proveedor_Local_6', 'contacto@proveedor_local_6.com', 'Guatemala');
INSERT INTO proveedores (nombre, contacto_nombre, contacto_correo, pais) VALUES ('Proveedor_Local_7', 'Contacto Proveedor_Local_7', 'contacto@proveedor_local_7.com', 'Guatemala');
INSERT INTO proveedores (nombre, contacto_nombre, contacto_correo, pais) VALUES ('Proveedor_Local_8', 'Contacto Proveedor_Local_8', 'contacto@proveedor_local_8.com', 'Guatemala');
INSERT INTO proveedores (nombre, contacto_nombre, contacto_correo, pais) VALUES ('Proveedor_Local_9', 'Contacto Proveedor_Local_9', 'contacto@proveedor_local_9.com', 'Guatemala');
INSERT INTO proveedores (nombre, contacto_nombre, contacto_correo, pais) VALUES ('Proveedor_Local_10', 'Contacto Proveedor_Local_10', 'contacto@proveedor_local_10.com', 'Guatemala');
INSERT INTO proveedores (nombre, contacto_nombre, contacto_correo, pais) VALUES ('Proveedor_Local_11', 'Contacto Proveedor_Local_11', 'contacto@proveedor_local_11.com', 'Guatemala');
INSERT INTO proveedores (nombre, contacto_nombre, contacto_correo, pais) VALUES ('Proveedor_Local_12', 'Contacto Proveedor_Local_12', 'contacto@proveedor_local_12.com', 'Guatemala');
INSERT INTO proveedores (nombre, contacto_nombre, contacto_correo, pais) VALUES ('Proveedor_Local_13', 'Contacto Proveedor_Local_13', 'contacto@proveedor_local_13.com', 'Guatemala');
INSERT INTO proveedores (nombre, contacto_nombre, contacto_correo, pais) VALUES ('Proveedor_Local_14', 'Contacto Proveedor_Local_14', 'contacto@proveedor_local_14.com', 'Guatemala');
INSERT INTO proveedores (nombre, contacto_nombre, contacto_correo, pais) VALUES ('Proveedor_Local_15', 'Contacto Proveedor_Local_15', 'contacto@proveedor_local_15.com', 'Guatemala');
INSERT INTO proveedores (nombre, contacto_nombre, contacto_correo, pais) VALUES ('Proveedor_Local_16', 'Contacto Proveedor_Local_16', 'contacto@proveedor_local_16.com', 'Guatemala');
INSERT INTO proveedores (nombre, contacto_nombre, contacto_correo, pais) VALUES ('Proveedor_Local_17', 'Contacto Proveedor_Local_17', 'contacto@proveedor_local_17.com', 'Guatemala');
INSERT INTO proveedores (nombre, contacto_nombre, contacto_correo, pais) VALUES ('Proveedor_Local_18', 'Contacto Proveedor_Local_18', 'contacto@proveedor_local_18.com', 'Guatemala');
INSERT INTO proveedores (nombre, contacto_nombre, contacto_correo, pais) VALUES ('Proveedor_Local_19', 'Contacto Proveedor_Local_19', 'contacto@proveedor_local_19.com', 'Guatemala');
INSERT INTO proveedores (nombre, contacto_nombre, contacto_correo, pais) VALUES ('Proveedor_Local_20', 'Contacto Proveedor_Local_20', 'contacto@proveedor_local_20.com', 'Guatemala');
INSERT INTO proveedores (nombre, contacto_nombre, contacto_correo, pais) VALUES ('Proveedor_Local_21', 'Contacto Proveedor_Local_21', 'contacto@proveedor_local_21.com', 'Guatemala');
INSERT INTO proveedores (nombre, contacto_nombre, contacto_correo, pais) VALUES ('Proveedor_Local_22', 'Contacto Proveedor_Local_22', 'contacto@proveedor_local_22.com', 'Guatemala');
INSERT INTO proveedores (nombre, contacto_nombre, contacto_correo, pais) VALUES ('Proveedor_Local_23', 'Contacto Proveedor_Local_23', 'contacto@proveedor_local_23.com', 'Guatemala');
INSERT INTO proveedores (nombre, contacto_nombre, contacto_correo, pais) VALUES ('Proveedor_Local_24', 'Contacto Proveedor_Local_24', 'contacto@proveedor_local_24.com', 'Guatemala');
INSERT INTO proveedores (nombre, contacto_nombre, contacto_correo, pais) VALUES ('Proveedor_Local_25', 'Contacto Proveedor_Local_25', 'contacto@proveedor_local_25.com', 'Guatemala');
INSERT INTO categorias (nombre, slug, descripcion) VALUES ('Laptops', 'slug_0', 'Categoria de Laptops');
INSERT INTO categorias (nombre, slug, descripcion) VALUES ('Desktops', 'slug_1', 'Categoria de Desktops');
INSERT INTO categorias (nombre, slug, descripcion) VALUES ('Monitores', 'slug_2', 'Categoria de Monitores');
INSERT INTO categorias (nombre, slug, descripcion) VALUES ('Teclados', 'slug_3', 'Categoria de Teclados');
INSERT INTO categorias (nombre, slug, descripcion) VALUES ('Ratones', 'slug_4', 'Categoria de Ratones');
INSERT INTO categorias (nombre, slug, descripcion) VALUES ('Audifonos', 'slug_5', 'Categoria de Audifonos');
INSERT INTO categorias (nombre, slug, descripcion) VALUES ('Cables', 'slug_6', 'Categoria de Cables');
INSERT INTO categorias (nombre, slug, descripcion) VALUES ('Procesadores', 'slug_7', 'Categoria de Procesadores');
INSERT INTO categorias (nombre, slug, descripcion) VALUES ('Tarjetas Madre', 'slug_8', 'Categoria de Tarjetas Madre');
INSERT INTO categorias (nombre, slug, descripcion) VALUES ('Memorias RAM', 'slug_9', 'Categoria de Memorias RAM');
INSERT INTO categorias (nombre, slug, descripcion) VALUES ('Almacenamiento SSD', 'slug_10', 'Categoria de Almacenamiento SSD');
INSERT INTO categorias (nombre, slug, descripcion) VALUES ('Tarjetas de Video', 'slug_11', 'Categoria de Tarjetas de Video');
INSERT INTO categorias (nombre, slug, descripcion) VALUES ('Fuentes de Poder', 'slug_12', 'Categoria de Fuentes de Poder');
INSERT INTO categorias (nombre, slug, descripcion) VALUES ('Case / Chasis', 'slug_13', 'Categoria de Case / Chasis');
INSERT INTO categorias (nombre, slug, descripcion) VALUES ('Refrigeracion', 'slug_14', 'Categoria de Refrigeracion');
INSERT INTO categorias (nombre, slug, descripcion) VALUES ('Accesorios Moviles', 'slug_15', 'Categoria de Accesorios Moviles');
INSERT INTO categorias (nombre, slug, descripcion) VALUES ('Bocinas', 'slug_16', 'Categoria de Bocinas');
INSERT INTO categorias (nombre, slug, descripcion) VALUES ('Webcams', 'slug_17', 'Categoria de Webcams');
INSERT INTO categorias (nombre, slug, descripcion) VALUES ('Impresoras', 'slug_18', 'Categoria de Impresoras');
INSERT INTO categorias (nombre, slug, descripcion) VALUES ('Cartuchos', 'slug_19', 'Categoria de Cartuchos');
INSERT INTO categorias (nombre, slug, descripcion) VALUES ('Sillas Gamers', 'slug_20', 'Categoria de Sillas Gamers');
INSERT INTO categorias (nombre, slug, descripcion) VALUES ('Escritorios', 'slug_21', 'Categoria de Escritorios');
INSERT INTO categorias (nombre, slug, descripcion) VALUES ('UPS', 'slug_22', 'Categoria de UPS');
INSERT INTO categorias (nombre, slug, descripcion) VALUES ('Routers', 'slug_23', 'Categoria de Routers');
INSERT INTO categorias (nombre, slug, descripcion) VALUES ('Switches', 'slug_24', 'Categoria de Switches');
INSERT INTO productos (nombre, descripcion, especificaciones, precio_unitario, stock_actual, stock_minimo, stock_maximo, id_categoria, id_proveedor) VALUES ('Laptop Dell Inspiron 15', 'Dell Inspiron 15 3000 Intel Core i5', '{"ram": "8GB", "ssd": "256GB"}', 4500.0, 50, 10, 100, 1, 1);
INSERT INTO productos (nombre, descripcion, especificaciones, precio_unitario, stock_actual, stock_minimo, stock_maximo, id_categoria, id_proveedor) VALUES ('Laptop HP Pavilion x360', 'HP Pavilion 14 táctil i7', '{"ram": "16GB", "ssd": "512GB"}', 6500.0, 51, 10, 100, 1, 2);
INSERT INTO productos (nombre, descripcion, especificaciones, precio_unitario, stock_actual, stock_minimo, stock_maximo, id_categoria, id_proveedor) VALUES ('Monitor Samsung 24', 'Monitor Samsung LF24T35 FHD', '{"pantalla": "24 pulg", "hz": "75"}', 1200.0, 52, 10, 100, 3, 1);
INSERT INTO productos (nombre, descripcion, especificaciones, precio_unitario, stock_actual, stock_minimo, stock_maximo, id_categoria, id_proveedor) VALUES ('Teclado Mecanico Logitech G Pro', 'Teclado TKL RGB Switch Blue', '{"tipo": "mecanico", "switch": "blue"}', 950.0, 53, 10, 100, 4, 2);
INSERT INTO productos (nombre, descripcion, especificaciones, precio_unitario, stock_actual, stock_minimo, stock_maximo, id_categoria, id_proveedor) VALUES ('Mouse Razer DeathAdder', 'Razer DeathAdder V2 20K DPI', '{"dpi": "20000", "sensor": "optico"}', 600.0, 54, 10, 100, 5, 1);
INSERT INTO productos (nombre, descripcion, especificaciones, precio_unitario, stock_actual, stock_minimo, stock_maximo, id_categoria, id_proveedor) VALUES ('Procesador AMD Ryzen 5 5600X', 'AMD Ryzen 5 5600X 6 Nucleos', '{"nucleos": "6", "socket": "AM4"}', 1800.0, 55, 10, 100, 8, 2);
INSERT INTO productos (nombre, descripcion, especificaciones, precio_unitario, stock_actual, stock_minimo, stock_maximo, id_categoria, id_proveedor) VALUES ('Tarjeta Madre ASUS ROG B550', 'ASUS ROG Strix B550-F Gaming', '{"socket": "AM4", "formato": "ATX"}', 1600.0, 56, 10, 100, 9, 1);
INSERT INTO productos (nombre, descripcion, especificaciones, precio_unitario, stock_actual, stock_minimo, stock_maximo, id_categoria, id_proveedor) VALUES ('Memoria RAM Corsair Vengeance 16GB', '2x8GB DDR4 3200MHz', '{"capacidad": "16GB", "velocidad": "3200MHz"}', 700.0, 57, 10, 100, 10, 2);
INSERT INTO productos (nombre, descripcion, especificaciones, precio_unitario, stock_actual, stock_minimo, stock_maximo, id_categoria, id_proveedor) VALUES ('SSD Kingston NV2 1TB', 'SSD M.2 NVMe PCIe 4.0 1TB', '{"capacidad": "1TB", "tipo": "M.2"}', 650.0, 58, 10, 100, 11, 1);
INSERT INTO productos (nombre, descripcion, especificaciones, precio_unitario, stock_actual, stock_minimo, stock_maximo, id_categoria, id_proveedor) VALUES ('Tarjeta de Video RTX 3060', 'NVIDIA GeForce RTX 3060 12GB', '{"vram": "12GB", "marca": "Zotac"}', 3200.0, 59, 10, 100, 12, 2);
INSERT INTO productos (nombre, descripcion, especificaciones, precio_unitario, stock_actual, stock_minimo, stock_maximo, id_categoria, id_proveedor) VALUES ('Fuente de Poder EVGA 600W', 'EVGA 600 W1 80+ White', '{"potencia": "600W", "certificacion": "80+ White"}', 450.0, 60, 10, 100, 13, 1);
INSERT INTO productos (nombre, descripcion, especificaciones, precio_unitario, stock_actual, stock_minimo, stock_maximo, id_categoria, id_proveedor) VALUES ('Case NZXT H510', 'Case Mid Tower NZXT H510 Blanco', '{"formato": "ATX", "color": "Blanco"}', 800.0, 61, 10, 100, 14, 2);
INSERT INTO productos (nombre, descripcion, especificaciones, precio_unitario, stock_actual, stock_minimo, stock_maximo, id_categoria, id_proveedor) VALUES ('Refrigeracion Liquida Corsair H100i', 'Corsair H100i RGB PRO XT', '{"tipo": "AIO", "fans": "2x120mm"}', 1100.0, 62, 10, 100, 15, 1);
INSERT INTO productos (nombre, descripcion, especificaciones, precio_unitario, stock_actual, stock_minimo, stock_maximo, id_categoria, id_proveedor) VALUES ('Audifonos HyperX Cloud II', 'HyperX Cloud II Gaming Headset', '{"tipo": "Over-Ear", "sonido": "7.1"}', 850.0, 63, 10, 100, 6, 2);
INSERT INTO productos (nombre, descripcion, especificaciones, precio_unitario, stock_actual, stock_minimo, stock_maximo, id_categoria, id_proveedor) VALUES ('Cable HDMI 2.1 Belkin', 'Cable HDMI 2.1 Ultra HD 2M', '{"longitud": "2M", "version": "2.1"}', 150.0, 64, 10, 100, 7, 1);
INSERT INTO productos (nombre, descripcion, especificaciones, precio_unitario, stock_actual, stock_minimo, stock_maximo, id_categoria, id_proveedor) VALUES ('Adaptador USB-C a HDMI', 'Adaptador multipuerto USB-C', '{"puertos": "HDMI, USB 3.0"}', 200.0, 65, 10, 100, 16, 2);
INSERT INTO productos (nombre, descripcion, especificaciones, precio_unitario, stock_actual, stock_minimo, stock_maximo, id_categoria, id_proveedor) VALUES ('Bocinas Logitech Z313', 'Sistema de altavoces 2.1', '{"potencia": "25W", "tipo": "2.1"}', 400.0, 66, 10, 100, 17, 1);
INSERT INTO productos (nombre, descripcion, especificaciones, precio_unitario, stock_actual, stock_minimo, stock_maximo, id_categoria, id_proveedor) VALUES ('Webcam Logitech C920', 'Webcam HD Pro C920 1080p', '{"resolucion": "1080p", "fps": "30"}', 650.0, 67, 10, 100, 18, 2);
INSERT INTO productos (nombre, descripcion, especificaciones, precio_unitario, stock_actual, stock_minimo, stock_maximo, id_categoria, id_proveedor) VALUES ('Impresora Epson EcoTank L3210', 'Multifuncional Epson L3210', '{"tipo": "Tinta Continua"}', 1500.0, 68, 10, 100, 19, 1);
INSERT INTO productos (nombre, descripcion, especificaciones, precio_unitario, stock_actual, stock_minimo, stock_maximo, id_categoria, id_proveedor) VALUES ('Silla Gamer Cougar Armor One', 'Silla Cougar Ergonomica', '{"color": "Naranja/Negro", "material": "Cuero PVC"}', 2200.0, 69, 10, 100, 21, 2);
INSERT INTO productos (nombre, descripcion, especificaciones, precio_unitario, stock_actual, stock_minimo, stock_maximo, id_categoria, id_proveedor) VALUES ('Escritorio Gamer Trust', 'Escritorio RGB Trust GXT', '{"medidas": "120x60cm"}', 1800.0, 70, 10, 100, 22, 1);
INSERT INTO productos (nombre, descripcion, especificaciones, precio_unitario, stock_actual, stock_minimo, stock_maximo, id_categoria, id_proveedor) VALUES ('UPS APC 1000VA', 'UPS APC Back-UPS 1000VA', '{"potencia": "1000VA", "tomas": "6"}', 1300.0, 71, 10, 100, 23, 2);
INSERT INTO productos (nombre, descripcion, especificaciones, precio_unitario, stock_actual, stock_minimo, stock_maximo, id_categoria, id_proveedor) VALUES ('Router TP-Link Archer C7', 'Router AC1750 Dual Band', '{"bandas": "2.4GHz / 5GHz"}', 650.0, 72, 10, 100, 24, 1);
INSERT INTO productos (nombre, descripcion, especificaciones, precio_unitario, stock_actual, stock_minimo, stock_maximo, id_categoria, id_proveedor) VALUES ('Switch Mercusys 8 Puertos', 'Switch Desktop 10/100/1000', '{"puertos": "8 Gigabit"}', 180.0, 73, 10, 100, 25, 2);
INSERT INTO productos (nombre, descripcion, especificaciones, precio_unitario, stock_actual, stock_minimo, stock_maximo, id_categoria, id_proveedor) VALUES ('Laptop Apple MacBook Air M1', 'MacBook Air M1 8GB 256GB', '{"procesador": "M1", "ram": "8GB"}', 8500.0, 74, 10, 100, 1, 1);
INSERT INTO imagenes_producto (id_producto, url, orden, es_principal) VALUES (1, 'https://ejemplo.com/img1.jpg', 1, true);
INSERT INTO imagenes_producto (id_producto, url, orden, es_principal) VALUES (2, 'https://ejemplo.com/img2.jpg', 1, true);
INSERT INTO imagenes_producto (id_producto, url, orden, es_principal) VALUES (3, 'https://ejemplo.com/img3.jpg', 1, true);
INSERT INTO imagenes_producto (id_producto, url, orden, es_principal) VALUES (4, 'https://ejemplo.com/img4.jpg', 1, true);
INSERT INTO imagenes_producto (id_producto, url, orden, es_principal) VALUES (5, 'https://ejemplo.com/img5.jpg', 1, true);
INSERT INTO imagenes_producto (id_producto, url, orden, es_principal) VALUES (6, 'https://ejemplo.com/img6.jpg', 1, true);
INSERT INTO imagenes_producto (id_producto, url, orden, es_principal) VALUES (7, 'https://ejemplo.com/img7.jpg', 1, true);
INSERT INTO imagenes_producto (id_producto, url, orden, es_principal) VALUES (8, 'https://ejemplo.com/img8.jpg', 1, true);
INSERT INTO imagenes_producto (id_producto, url, orden, es_principal) VALUES (9, 'https://ejemplo.com/img9.jpg', 1, true);
INSERT INTO imagenes_producto (id_producto, url, orden, es_principal) VALUES (10, 'https://ejemplo.com/img10.jpg', 1, true);
INSERT INTO imagenes_producto (id_producto, url, orden, es_principal) VALUES (11, 'https://ejemplo.com/img11.jpg', 1, true);
INSERT INTO imagenes_producto (id_producto, url, orden, es_principal) VALUES (12, 'https://ejemplo.com/img12.jpg', 1, true);
INSERT INTO imagenes_producto (id_producto, url, orden, es_principal) VALUES (13, 'https://ejemplo.com/img13.jpg', 1, true);
INSERT INTO imagenes_producto (id_producto, url, orden, es_principal) VALUES (14, 'https://ejemplo.com/img14.jpg', 1, true);
INSERT INTO imagenes_producto (id_producto, url, orden, es_principal) VALUES (15, 'https://ejemplo.com/img15.jpg', 1, true);
INSERT INTO imagenes_producto (id_producto, url, orden, es_principal) VALUES (16, 'https://ejemplo.com/img16.jpg', 1, true);
INSERT INTO imagenes_producto (id_producto, url, orden, es_principal) VALUES (17, 'https://ejemplo.com/img17.jpg', 1, true);
INSERT INTO imagenes_producto (id_producto, url, orden, es_principal) VALUES (18, 'https://ejemplo.com/img18.jpg', 1, true);
INSERT INTO imagenes_producto (id_producto, url, orden, es_principal) VALUES (19, 'https://ejemplo.com/img19.jpg', 1, true);
INSERT INTO imagenes_producto (id_producto, url, orden, es_principal) VALUES (20, 'https://ejemplo.com/img20.jpg', 1, true);
INSERT INTO imagenes_producto (id_producto, url, orden, es_principal) VALUES (21, 'https://ejemplo.com/img21.jpg', 1, true);
INSERT INTO imagenes_producto (id_producto, url, orden, es_principal) VALUES (22, 'https://ejemplo.com/img22.jpg', 1, true);
INSERT INTO imagenes_producto (id_producto, url, orden, es_principal) VALUES (23, 'https://ejemplo.com/img23.jpg', 1, true);
INSERT INTO imagenes_producto (id_producto, url, orden, es_principal) VALUES (24, 'https://ejemplo.com/img24.jpg', 1, true);
INSERT INTO imagenes_producto (id_producto, url, orden, es_principal) VALUES (25, 'https://ejemplo.com/img25.jpg', 1, true);
INSERT INTO metodos_envio (nombre, costo, dias_minimo, dias_maximo, descripcion) VALUES ('Forza', 35.0, 3, 5, 'Desc Forza');
INSERT INTO metodos_envio (nombre, costo, dias_minimo, dias_maximo, descripcion) VALUES ('Cargo Expreso', 32.0, 2, 5, 'Desc Cargo Expreso');
INSERT INTO metodos_envio (nombre, costo, dias_minimo, dias_maximo, descripcion) VALUES ('Guatex', 35.0, 4, 6, 'Desc Guatex');
INSERT INTO metodos_envio (nombre, costo, dias_minimo, dias_maximo, descripcion) VALUES ('Retiro en tienda', 0.0, 0, 0, 'Desc Retiro en tienda');
INSERT INTO metodos_envio (nombre, costo, dias_minimo, dias_maximo, descripcion) VALUES ('Envio_Dummy_5', 20.0, 1, 2, 'Desc Envio_Dummy_5');
INSERT INTO metodos_envio (nombre, costo, dias_minimo, dias_maximo, descripcion) VALUES ('Envio_Dummy_6', 20.0, 1, 2, 'Desc Envio_Dummy_6');
INSERT INTO metodos_envio (nombre, costo, dias_minimo, dias_maximo, descripcion) VALUES ('Envio_Dummy_7', 20.0, 1, 2, 'Desc Envio_Dummy_7');
INSERT INTO metodos_envio (nombre, costo, dias_minimo, dias_maximo, descripcion) VALUES ('Envio_Dummy_8', 20.0, 1, 2, 'Desc Envio_Dummy_8');
INSERT INTO metodos_envio (nombre, costo, dias_minimo, dias_maximo, descripcion) VALUES ('Envio_Dummy_9', 20.0, 1, 2, 'Desc Envio_Dummy_9');
INSERT INTO metodos_envio (nombre, costo, dias_minimo, dias_maximo, descripcion) VALUES ('Envio_Dummy_10', 20.0, 1, 2, 'Desc Envio_Dummy_10');
INSERT INTO metodos_envio (nombre, costo, dias_minimo, dias_maximo, descripcion) VALUES ('Envio_Dummy_11', 20.0, 1, 2, 'Desc Envio_Dummy_11');
INSERT INTO metodos_envio (nombre, costo, dias_minimo, dias_maximo, descripcion) VALUES ('Envio_Dummy_12', 20.0, 1, 2, 'Desc Envio_Dummy_12');
INSERT INTO metodos_envio (nombre, costo, dias_minimo, dias_maximo, descripcion) VALUES ('Envio_Dummy_13', 20.0, 1, 2, 'Desc Envio_Dummy_13');
INSERT INTO metodos_envio (nombre, costo, dias_minimo, dias_maximo, descripcion) VALUES ('Envio_Dummy_14', 20.0, 1, 2, 'Desc Envio_Dummy_14');
INSERT INTO metodos_envio (nombre, costo, dias_minimo, dias_maximo, descripcion) VALUES ('Envio_Dummy_15', 20.0, 1, 2, 'Desc Envio_Dummy_15');
INSERT INTO metodos_envio (nombre, costo, dias_minimo, dias_maximo, descripcion) VALUES ('Envio_Dummy_16', 20.0, 1, 2, 'Desc Envio_Dummy_16');
INSERT INTO metodos_envio (nombre, costo, dias_minimo, dias_maximo, descripcion) VALUES ('Envio_Dummy_17', 20.0, 1, 2, 'Desc Envio_Dummy_17');
INSERT INTO metodos_envio (nombre, costo, dias_minimo, dias_maximo, descripcion) VALUES ('Envio_Dummy_18', 20.0, 1, 2, 'Desc Envio_Dummy_18');
INSERT INTO metodos_envio (nombre, costo, dias_minimo, dias_maximo, descripcion) VALUES ('Envio_Dummy_19', 20.0, 1, 2, 'Desc Envio_Dummy_19');
INSERT INTO metodos_envio (nombre, costo, dias_minimo, dias_maximo, descripcion) VALUES ('Envio_Dummy_20', 20.0, 1, 2, 'Desc Envio_Dummy_20');
INSERT INTO metodos_envio (nombre, costo, dias_minimo, dias_maximo, descripcion) VALUES ('Envio_Dummy_21', 20.0, 1, 2, 'Desc Envio_Dummy_21');
INSERT INTO metodos_envio (nombre, costo, dias_minimo, dias_maximo, descripcion) VALUES ('Envio_Dummy_22', 20.0, 1, 2, 'Desc Envio_Dummy_22');
INSERT INTO metodos_envio (nombre, costo, dias_minimo, dias_maximo, descripcion) VALUES ('Envio_Dummy_23', 20.0, 1, 2, 'Desc Envio_Dummy_23');
INSERT INTO metodos_envio (nombre, costo, dias_minimo, dias_maximo, descripcion) VALUES ('Envio_Dummy_24', 20.0, 1, 2, 'Desc Envio_Dummy_24');
INSERT INTO metodos_envio (nombre, costo, dias_minimo, dias_maximo, descripcion) VALUES ('Envio_Dummy_25', 20.0, 1, 2, 'Desc Envio_Dummy_25');
INSERT INTO metodos_envio (nombre, costo, dias_minimo, dias_maximo, descripcion) VALUES ('Envio_Dummy_26', 20.0, 1, 2, 'Desc Envio_Dummy_26');
INSERT INTO metodos_pago (nombre, tipo, descripcion) VALUES ('PayPal / Tarjeta', 'paypal', 'Desc PayPal / Tarjeta');
INSERT INTO metodos_pago (nombre, tipo, descripcion) VALUES ('Transferencia Bancaria', 'transferencia', 'Desc Transferencia Bancaria');
INSERT INTO metodos_pago (nombre, tipo, descripcion) VALUES ('Pago Contra Entrega', 'contra_entrega', 'Desc Pago Contra Entrega');
INSERT INTO metodos_pago (nombre, tipo, descripcion) VALUES ('Pago_Dummy_4', 'otro', 'Desc Pago_Dummy_4');
INSERT INTO metodos_pago (nombre, tipo, descripcion) VALUES ('Pago_Dummy_5', 'otro', 'Desc Pago_Dummy_5');
INSERT INTO metodos_pago (nombre, tipo, descripcion) VALUES ('Pago_Dummy_6', 'otro', 'Desc Pago_Dummy_6');
INSERT INTO metodos_pago (nombre, tipo, descripcion) VALUES ('Pago_Dummy_7', 'otro', 'Desc Pago_Dummy_7');
INSERT INTO metodos_pago (nombre, tipo, descripcion) VALUES ('Pago_Dummy_8', 'otro', 'Desc Pago_Dummy_8');
INSERT INTO metodos_pago (nombre, tipo, descripcion) VALUES ('Pago_Dummy_9', 'otro', 'Desc Pago_Dummy_9');
INSERT INTO metodos_pago (nombre, tipo, descripcion) VALUES ('Pago_Dummy_10', 'otro', 'Desc Pago_Dummy_10');
INSERT INTO metodos_pago (nombre, tipo, descripcion) VALUES ('Pago_Dummy_11', 'otro', 'Desc Pago_Dummy_11');
INSERT INTO metodos_pago (nombre, tipo, descripcion) VALUES ('Pago_Dummy_12', 'otro', 'Desc Pago_Dummy_12');
INSERT INTO metodos_pago (nombre, tipo, descripcion) VALUES ('Pago_Dummy_13', 'otro', 'Desc Pago_Dummy_13');
INSERT INTO metodos_pago (nombre, tipo, descripcion) VALUES ('Pago_Dummy_14', 'otro', 'Desc Pago_Dummy_14');
INSERT INTO metodos_pago (nombre, tipo, descripcion) VALUES ('Pago_Dummy_15', 'otro', 'Desc Pago_Dummy_15');
INSERT INTO metodos_pago (nombre, tipo, descripcion) VALUES ('Pago_Dummy_16', 'otro', 'Desc Pago_Dummy_16');
INSERT INTO metodos_pago (nombre, tipo, descripcion) VALUES ('Pago_Dummy_17', 'otro', 'Desc Pago_Dummy_17');
INSERT INTO metodos_pago (nombre, tipo, descripcion) VALUES ('Pago_Dummy_18', 'otro', 'Desc Pago_Dummy_18');
INSERT INTO metodos_pago (nombre, tipo, descripcion) VALUES ('Pago_Dummy_19', 'otro', 'Desc Pago_Dummy_19');
INSERT INTO metodos_pago (nombre, tipo, descripcion) VALUES ('Pago_Dummy_20', 'otro', 'Desc Pago_Dummy_20');
INSERT INTO metodos_pago (nombre, tipo, descripcion) VALUES ('Pago_Dummy_21', 'otro', 'Desc Pago_Dummy_21');
INSERT INTO metodos_pago (nombre, tipo, descripcion) VALUES ('Pago_Dummy_22', 'otro', 'Desc Pago_Dummy_22');
INSERT INTO metodos_pago (nombre, tipo, descripcion) VALUES ('Pago_Dummy_23', 'otro', 'Desc Pago_Dummy_23');
INSERT INTO metodos_pago (nombre, tipo, descripcion) VALUES ('Pago_Dummy_24', 'otro', 'Desc Pago_Dummy_24');
INSERT INTO metodos_pago (nombre, tipo, descripcion) VALUES ('Pago_Dummy_25', 'otro', 'Desc Pago_Dummy_25');
INSERT INTO metodos_pago (nombre, tipo, descripcion) VALUES ('Pago_Dummy_26', 'otro', 'Desc Pago_Dummy_26');
INSERT INTO carritos (id_usuario) VALUES (1);
INSERT INTO carritos (id_usuario) VALUES (2);
INSERT INTO carritos (id_usuario) VALUES (3);
INSERT INTO carritos (id_usuario) VALUES (4);
INSERT INTO carritos (id_usuario) VALUES (5);
INSERT INTO carritos (id_usuario) VALUES (6);
INSERT INTO carritos (id_usuario) VALUES (7);
INSERT INTO carritos (id_usuario) VALUES (8);
INSERT INTO carritos (id_usuario) VALUES (9);
INSERT INTO carritos (id_usuario) VALUES (10);
INSERT INTO carritos (id_usuario) VALUES (11);
INSERT INTO carritos (id_usuario) VALUES (12);
INSERT INTO carritos (id_usuario) VALUES (13);
INSERT INTO carritos (id_usuario) VALUES (14);
INSERT INTO carritos (id_usuario) VALUES (15);
INSERT INTO carritos (id_usuario) VALUES (16);
INSERT INTO carritos (id_usuario) VALUES (17);
INSERT INTO carritos (id_usuario) VALUES (18);
INSERT INTO carritos (id_usuario) VALUES (19);
INSERT INTO carritos (id_usuario) VALUES (20);
INSERT INTO carritos (id_usuario) VALUES (21);
INSERT INTO carritos (id_usuario) VALUES (22);
INSERT INTO carritos (id_usuario) VALUES (23);
INSERT INTO carritos (id_usuario) VALUES (24);
INSERT INTO carritos (id_usuario) VALUES (25);
INSERT INTO carrito_items (id_carrito, id_producto, cantidad, precio_unitario_snapshot) VALUES (1, 1, 1, 500.00);
INSERT INTO carrito_items (id_carrito, id_producto, cantidad, precio_unitario_snapshot) VALUES (2, 2, 1, 500.00);
INSERT INTO carrito_items (id_carrito, id_producto, cantidad, precio_unitario_snapshot) VALUES (3, 3, 1, 500.00);
INSERT INTO carrito_items (id_carrito, id_producto, cantidad, precio_unitario_snapshot) VALUES (4, 4, 1, 500.00);
INSERT INTO carrito_items (id_carrito, id_producto, cantidad, precio_unitario_snapshot) VALUES (5, 5, 1, 500.00);
INSERT INTO carrito_items (id_carrito, id_producto, cantidad, precio_unitario_snapshot) VALUES (6, 6, 1, 500.00);
INSERT INTO carrito_items (id_carrito, id_producto, cantidad, precio_unitario_snapshot) VALUES (7, 7, 1, 500.00);
INSERT INTO carrito_items (id_carrito, id_producto, cantidad, precio_unitario_snapshot) VALUES (8, 8, 1, 500.00);
INSERT INTO carrito_items (id_carrito, id_producto, cantidad, precio_unitario_snapshot) VALUES (9, 9, 1, 500.00);
INSERT INTO carrito_items (id_carrito, id_producto, cantidad, precio_unitario_snapshot) VALUES (10, 10, 1, 500.00);
INSERT INTO carrito_items (id_carrito, id_producto, cantidad, precio_unitario_snapshot) VALUES (11, 11, 1, 500.00);
INSERT INTO carrito_items (id_carrito, id_producto, cantidad, precio_unitario_snapshot) VALUES (12, 12, 1, 500.00);
INSERT INTO carrito_items (id_carrito, id_producto, cantidad, precio_unitario_snapshot) VALUES (13, 13, 1, 500.00);
INSERT INTO carrito_items (id_carrito, id_producto, cantidad, precio_unitario_snapshot) VALUES (14, 14, 1, 500.00);
INSERT INTO carrito_items (id_carrito, id_producto, cantidad, precio_unitario_snapshot) VALUES (15, 15, 1, 500.00);
INSERT INTO carrito_items (id_carrito, id_producto, cantidad, precio_unitario_snapshot) VALUES (16, 16, 1, 500.00);
INSERT INTO carrito_items (id_carrito, id_producto, cantidad, precio_unitario_snapshot) VALUES (17, 17, 1, 500.00);
INSERT INTO carrito_items (id_carrito, id_producto, cantidad, precio_unitario_snapshot) VALUES (18, 18, 1, 500.00);
INSERT INTO carrito_items (id_carrito, id_producto, cantidad, precio_unitario_snapshot) VALUES (19, 19, 1, 500.00);
INSERT INTO carrito_items (id_carrito, id_producto, cantidad, precio_unitario_snapshot) VALUES (20, 20, 1, 500.00);
INSERT INTO carrito_items (id_carrito, id_producto, cantidad, precio_unitario_snapshot) VALUES (21, 21, 1, 500.00);
INSERT INTO carrito_items (id_carrito, id_producto, cantidad, precio_unitario_snapshot) VALUES (22, 22, 1, 500.00);
INSERT INTO carrito_items (id_carrito, id_producto, cantidad, precio_unitario_snapshot) VALUES (23, 23, 1, 500.00);
INSERT INTO carrito_items (id_carrito, id_producto, cantidad, precio_unitario_snapshot) VALUES (24, 24, 1, 500.00);
INSERT INTO carrito_items (id_carrito, id_producto, cantidad, precio_unitario_snapshot) VALUES (25, 25, 1, 500.00);
INSERT INTO cotizaciones (id_usuario, total, estado) VALUES (1, 1000.00, 'procesada');
INSERT INTO cotizaciones (id_usuario, total, estado) VALUES (2, 1000.00, 'procesada');
INSERT INTO cotizaciones (id_usuario, total, estado) VALUES (3, 1000.00, 'procesada');
INSERT INTO cotizaciones (id_usuario, total, estado) VALUES (4, 1000.00, 'procesada');
INSERT INTO cotizaciones (id_usuario, total, estado) VALUES (5, 1000.00, 'procesada');
INSERT INTO cotizaciones (id_usuario, total, estado) VALUES (6, 1000.00, 'procesada');
INSERT INTO cotizaciones (id_usuario, total, estado) VALUES (7, 1000.00, 'procesada');
INSERT INTO cotizaciones (id_usuario, total, estado) VALUES (8, 1000.00, 'procesada');
INSERT INTO cotizaciones (id_usuario, total, estado) VALUES (9, 1000.00, 'procesada');
INSERT INTO cotizaciones (id_usuario, total, estado) VALUES (10, 1000.00, 'procesada');
INSERT INTO cotizaciones (id_usuario, total, estado) VALUES (11, 1000.00, 'procesada');
INSERT INTO cotizaciones (id_usuario, total, estado) VALUES (12, 1000.00, 'procesada');
INSERT INTO cotizaciones (id_usuario, total, estado) VALUES (13, 1000.00, 'procesada');
INSERT INTO cotizaciones (id_usuario, total, estado) VALUES (14, 1000.00, 'procesada');
INSERT INTO cotizaciones (id_usuario, total, estado) VALUES (15, 1000.00, 'procesada');
INSERT INTO cotizaciones (id_usuario, total, estado) VALUES (16, 1000.00, 'procesada');
INSERT INTO cotizaciones (id_usuario, total, estado) VALUES (17, 1000.00, 'procesada');
INSERT INTO cotizaciones (id_usuario, total, estado) VALUES (18, 1000.00, 'procesada');
INSERT INTO cotizaciones (id_usuario, total, estado) VALUES (19, 1000.00, 'procesada');
INSERT INTO cotizaciones (id_usuario, total, estado) VALUES (20, 1000.00, 'procesada');
INSERT INTO cotizaciones (id_usuario, total, estado) VALUES (21, 1000.00, 'procesada');
INSERT INTO cotizaciones (id_usuario, total, estado) VALUES (22, 1000.00, 'procesada');
INSERT INTO cotizaciones (id_usuario, total, estado) VALUES (23, 1000.00, 'procesada');
INSERT INTO cotizaciones (id_usuario, total, estado) VALUES (24, 1000.00, 'procesada');
INSERT INTO cotizaciones (id_usuario, total, estado) VALUES (25, 1000.00, 'procesada');
INSERT INTO cotizacion_items (id_cotizacion, id_producto, cantidad, precio_unitario_snapshot, subtotal) VALUES (1, 1, 2, 500.00, 1000.00);
INSERT INTO cotizacion_items (id_cotizacion, id_producto, cantidad, precio_unitario_snapshot, subtotal) VALUES (2, 2, 2, 500.00, 1000.00);
INSERT INTO cotizacion_items (id_cotizacion, id_producto, cantidad, precio_unitario_snapshot, subtotal) VALUES (3, 3, 2, 500.00, 1000.00);
INSERT INTO cotizacion_items (id_cotizacion, id_producto, cantidad, precio_unitario_snapshot, subtotal) VALUES (4, 4, 2, 500.00, 1000.00);
INSERT INTO cotizacion_items (id_cotizacion, id_producto, cantidad, precio_unitario_snapshot, subtotal) VALUES (5, 5, 2, 500.00, 1000.00);
INSERT INTO cotizacion_items (id_cotizacion, id_producto, cantidad, precio_unitario_snapshot, subtotal) VALUES (6, 6, 2, 500.00, 1000.00);
INSERT INTO cotizacion_items (id_cotizacion, id_producto, cantidad, precio_unitario_snapshot, subtotal) VALUES (7, 7, 2, 500.00, 1000.00);
INSERT INTO cotizacion_items (id_cotizacion, id_producto, cantidad, precio_unitario_snapshot, subtotal) VALUES (8, 8, 2, 500.00, 1000.00);
INSERT INTO cotizacion_items (id_cotizacion, id_producto, cantidad, precio_unitario_snapshot, subtotal) VALUES (9, 9, 2, 500.00, 1000.00);
INSERT INTO cotizacion_items (id_cotizacion, id_producto, cantidad, precio_unitario_snapshot, subtotal) VALUES (10, 10, 2, 500.00, 1000.00);
INSERT INTO cotizacion_items (id_cotizacion, id_producto, cantidad, precio_unitario_snapshot, subtotal) VALUES (11, 11, 2, 500.00, 1000.00);
INSERT INTO cotizacion_items (id_cotizacion, id_producto, cantidad, precio_unitario_snapshot, subtotal) VALUES (12, 12, 2, 500.00, 1000.00);
INSERT INTO cotizacion_items (id_cotizacion, id_producto, cantidad, precio_unitario_snapshot, subtotal) VALUES (13, 13, 2, 500.00, 1000.00);
INSERT INTO cotizacion_items (id_cotizacion, id_producto, cantidad, precio_unitario_snapshot, subtotal) VALUES (14, 14, 2, 500.00, 1000.00);
INSERT INTO cotizacion_items (id_cotizacion, id_producto, cantidad, precio_unitario_snapshot, subtotal) VALUES (15, 15, 2, 500.00, 1000.00);
INSERT INTO cotizacion_items (id_cotizacion, id_producto, cantidad, precio_unitario_snapshot, subtotal) VALUES (16, 16, 2, 500.00, 1000.00);
INSERT INTO cotizacion_items (id_cotizacion, id_producto, cantidad, precio_unitario_snapshot, subtotal) VALUES (17, 17, 2, 500.00, 1000.00);
INSERT INTO cotizacion_items (id_cotizacion, id_producto, cantidad, precio_unitario_snapshot, subtotal) VALUES (18, 18, 2, 500.00, 1000.00);
INSERT INTO cotizacion_items (id_cotizacion, id_producto, cantidad, precio_unitario_snapshot, subtotal) VALUES (19, 19, 2, 500.00, 1000.00);
INSERT INTO cotizacion_items (id_cotizacion, id_producto, cantidad, precio_unitario_snapshot, subtotal) VALUES (20, 20, 2, 500.00, 1000.00);
INSERT INTO cotizacion_items (id_cotizacion, id_producto, cantidad, precio_unitario_snapshot, subtotal) VALUES (21, 21, 2, 500.00, 1000.00);
INSERT INTO cotizacion_items (id_cotizacion, id_producto, cantidad, precio_unitario_snapshot, subtotal) VALUES (22, 22, 2, 500.00, 1000.00);
INSERT INTO cotizacion_items (id_cotizacion, id_producto, cantidad, precio_unitario_snapshot, subtotal) VALUES (23, 23, 2, 500.00, 1000.00);
INSERT INTO cotizacion_items (id_cotizacion, id_producto, cantidad, precio_unitario_snapshot, subtotal) VALUES (24, 24, 2, 500.00, 1000.00);
INSERT INTO cotizacion_items (id_cotizacion, id_producto, cantidad, precio_unitario_snapshot, subtotal) VALUES (25, 25, 2, 500.00, 1000.00);
INSERT INTO ordenes (codigo_orden, id_usuario, id_direccion, direccion_snapshot, id_envio_metodo, id_pago_metodo, subtotal, costo_envio, total, estado) VALUES ('ORD-2026-0001', 1, 1, 'Snapshot Dir 1', 1, 1, 1000.00, 35.00, 1035.00, 'completada');
INSERT INTO ordenes (codigo_orden, id_usuario, id_direccion, direccion_snapshot, id_envio_metodo, id_pago_metodo, subtotal, costo_envio, total, estado) VALUES ('ORD-2026-0002', 2, 2, 'Snapshot Dir 2', 1, 1, 1000.00, 35.00, 1035.00, 'completada');
INSERT INTO ordenes (codigo_orden, id_usuario, id_direccion, direccion_snapshot, id_envio_metodo, id_pago_metodo, subtotal, costo_envio, total, estado) VALUES ('ORD-2026-0003', 3, 3, 'Snapshot Dir 3', 1, 1, 1000.00, 35.00, 1035.00, 'completada');
INSERT INTO ordenes (codigo_orden, id_usuario, id_direccion, direccion_snapshot, id_envio_metodo, id_pago_metodo, subtotal, costo_envio, total, estado) VALUES ('ORD-2026-0004', 4, 4, 'Snapshot Dir 4', 1, 1, 1000.00, 35.00, 1035.00, 'completada');
INSERT INTO ordenes (codigo_orden, id_usuario, id_direccion, direccion_snapshot, id_envio_metodo, id_pago_metodo, subtotal, costo_envio, total, estado) VALUES ('ORD-2026-0005', 5, 5, 'Snapshot Dir 5', 1, 1, 1000.00, 35.00, 1035.00, 'completada');
INSERT INTO ordenes (codigo_orden, id_usuario, id_direccion, direccion_snapshot, id_envio_metodo, id_pago_metodo, subtotal, costo_envio, total, estado) VALUES ('ORD-2026-0006', 6, 6, 'Snapshot Dir 6', 1, 1, 1000.00, 35.00, 1035.00, 'completada');
INSERT INTO ordenes (codigo_orden, id_usuario, id_direccion, direccion_snapshot, id_envio_metodo, id_pago_metodo, subtotal, costo_envio, total, estado) VALUES ('ORD-2026-0007', 7, 7, 'Snapshot Dir 7', 1, 1, 1000.00, 35.00, 1035.00, 'completada');
INSERT INTO ordenes (codigo_orden, id_usuario, id_direccion, direccion_snapshot, id_envio_metodo, id_pago_metodo, subtotal, costo_envio, total, estado) VALUES ('ORD-2026-0008', 8, 8, 'Snapshot Dir 8', 1, 1, 1000.00, 35.00, 1035.00, 'completada');
INSERT INTO ordenes (codigo_orden, id_usuario, id_direccion, direccion_snapshot, id_envio_metodo, id_pago_metodo, subtotal, costo_envio, total, estado) VALUES ('ORD-2026-0009', 9, 9, 'Snapshot Dir 9', 1, 1, 1000.00, 35.00, 1035.00, 'completada');
INSERT INTO ordenes (codigo_orden, id_usuario, id_direccion, direccion_snapshot, id_envio_metodo, id_pago_metodo, subtotal, costo_envio, total, estado) VALUES ('ORD-2026-0010', 10, 10, 'Snapshot Dir 10', 1, 1, 1000.00, 35.00, 1035.00, 'completada');
INSERT INTO ordenes (codigo_orden, id_usuario, id_direccion, direccion_snapshot, id_envio_metodo, id_pago_metodo, subtotal, costo_envio, total, estado) VALUES ('ORD-2026-0011', 11, 11, 'Snapshot Dir 11', 1, 1, 1000.00, 35.00, 1035.00, 'completada');
INSERT INTO ordenes (codigo_orden, id_usuario, id_direccion, direccion_snapshot, id_envio_metodo, id_pago_metodo, subtotal, costo_envio, total, estado) VALUES ('ORD-2026-0012', 12, 12, 'Snapshot Dir 12', 1, 1, 1000.00, 35.00, 1035.00, 'completada');
INSERT INTO ordenes (codigo_orden, id_usuario, id_direccion, direccion_snapshot, id_envio_metodo, id_pago_metodo, subtotal, costo_envio, total, estado) VALUES ('ORD-2026-0013', 13, 13, 'Snapshot Dir 13', 1, 1, 1000.00, 35.00, 1035.00, 'completada');
INSERT INTO ordenes (codigo_orden, id_usuario, id_direccion, direccion_snapshot, id_envio_metodo, id_pago_metodo, subtotal, costo_envio, total, estado) VALUES ('ORD-2026-0014', 14, 14, 'Snapshot Dir 14', 1, 1, 1000.00, 35.00, 1035.00, 'completada');
INSERT INTO ordenes (codigo_orden, id_usuario, id_direccion, direccion_snapshot, id_envio_metodo, id_pago_metodo, subtotal, costo_envio, total, estado) VALUES ('ORD-2026-0015', 15, 15, 'Snapshot Dir 15', 1, 1, 1000.00, 35.00, 1035.00, 'completada');
INSERT INTO ordenes (codigo_orden, id_usuario, id_direccion, direccion_snapshot, id_envio_metodo, id_pago_metodo, subtotal, costo_envio, total, estado) VALUES ('ORD-2026-0016', 16, 16, 'Snapshot Dir 16', 1, 1, 1000.00, 35.00, 1035.00, 'completada');
INSERT INTO ordenes (codigo_orden, id_usuario, id_direccion, direccion_snapshot, id_envio_metodo, id_pago_metodo, subtotal, costo_envio, total, estado) VALUES ('ORD-2026-0017', 17, 17, 'Snapshot Dir 17', 1, 1, 1000.00, 35.00, 1035.00, 'completada');
INSERT INTO ordenes (codigo_orden, id_usuario, id_direccion, direccion_snapshot, id_envio_metodo, id_pago_metodo, subtotal, costo_envio, total, estado) VALUES ('ORD-2026-0018', 18, 18, 'Snapshot Dir 18', 1, 1, 1000.00, 35.00, 1035.00, 'completada');
INSERT INTO ordenes (codigo_orden, id_usuario, id_direccion, direccion_snapshot, id_envio_metodo, id_pago_metodo, subtotal, costo_envio, total, estado) VALUES ('ORD-2026-0019', 19, 19, 'Snapshot Dir 19', 1, 1, 1000.00, 35.00, 1035.00, 'completada');
INSERT INTO ordenes (codigo_orden, id_usuario, id_direccion, direccion_snapshot, id_envio_metodo, id_pago_metodo, subtotal, costo_envio, total, estado) VALUES ('ORD-2026-0020', 20, 20, 'Snapshot Dir 20', 1, 1, 1000.00, 35.00, 1035.00, 'completada');
INSERT INTO ordenes (codigo_orden, id_usuario, id_direccion, direccion_snapshot, id_envio_metodo, id_pago_metodo, subtotal, costo_envio, total, estado) VALUES ('ORD-2026-0021', 21, 21, 'Snapshot Dir 21', 1, 1, 1000.00, 35.00, 1035.00, 'completada');
INSERT INTO ordenes (codigo_orden, id_usuario, id_direccion, direccion_snapshot, id_envio_metodo, id_pago_metodo, subtotal, costo_envio, total, estado) VALUES ('ORD-2026-0022', 22, 22, 'Snapshot Dir 22', 1, 1, 1000.00, 35.00, 1035.00, 'completada');
INSERT INTO ordenes (codigo_orden, id_usuario, id_direccion, direccion_snapshot, id_envio_metodo, id_pago_metodo, subtotal, costo_envio, total, estado) VALUES ('ORD-2026-0023', 23, 23, 'Snapshot Dir 23', 1, 1, 1000.00, 35.00, 1035.00, 'completada');
INSERT INTO ordenes (codigo_orden, id_usuario, id_direccion, direccion_snapshot, id_envio_metodo, id_pago_metodo, subtotal, costo_envio, total, estado) VALUES ('ORD-2026-0024', 24, 24, 'Snapshot Dir 24', 1, 1, 1000.00, 35.00, 1035.00, 'completada');
INSERT INTO ordenes (codigo_orden, id_usuario, id_direccion, direccion_snapshot, id_envio_metodo, id_pago_metodo, subtotal, costo_envio, total, estado) VALUES ('ORD-2026-0025', 25, 25, 'Snapshot Dir 25', 1, 1, 1000.00, 35.00, 1035.00, 'completada');
INSERT INTO orden_items (id_orden, id_producto, cantidad, precio_unitario_snapshot, subtotal) VALUES (1, 1, 2, 500.00, 1000.00);
INSERT INTO orden_items (id_orden, id_producto, cantidad, precio_unitario_snapshot, subtotal) VALUES (2, 2, 2, 500.00, 1000.00);
INSERT INTO orden_items (id_orden, id_producto, cantidad, precio_unitario_snapshot, subtotal) VALUES (3, 3, 2, 500.00, 1000.00);
INSERT INTO orden_items (id_orden, id_producto, cantidad, precio_unitario_snapshot, subtotal) VALUES (4, 4, 2, 500.00, 1000.00);
INSERT INTO orden_items (id_orden, id_producto, cantidad, precio_unitario_snapshot, subtotal) VALUES (5, 5, 2, 500.00, 1000.00);
INSERT INTO orden_items (id_orden, id_producto, cantidad, precio_unitario_snapshot, subtotal) VALUES (6, 6, 2, 500.00, 1000.00);
INSERT INTO orden_items (id_orden, id_producto, cantidad, precio_unitario_snapshot, subtotal) VALUES (7, 7, 2, 500.00, 1000.00);
INSERT INTO orden_items (id_orden, id_producto, cantidad, precio_unitario_snapshot, subtotal) VALUES (8, 8, 2, 500.00, 1000.00);
INSERT INTO orden_items (id_orden, id_producto, cantidad, precio_unitario_snapshot, subtotal) VALUES (9, 9, 2, 500.00, 1000.00);
INSERT INTO orden_items (id_orden, id_producto, cantidad, precio_unitario_snapshot, subtotal) VALUES (10, 10, 2, 500.00, 1000.00);
INSERT INTO orden_items (id_orden, id_producto, cantidad, precio_unitario_snapshot, subtotal) VALUES (11, 11, 2, 500.00, 1000.00);
INSERT INTO orden_items (id_orden, id_producto, cantidad, precio_unitario_snapshot, subtotal) VALUES (12, 12, 2, 500.00, 1000.00);
INSERT INTO orden_items (id_orden, id_producto, cantidad, precio_unitario_snapshot, subtotal) VALUES (13, 13, 2, 500.00, 1000.00);
INSERT INTO orden_items (id_orden, id_producto, cantidad, precio_unitario_snapshot, subtotal) VALUES (14, 14, 2, 500.00, 1000.00);
INSERT INTO orden_items (id_orden, id_producto, cantidad, precio_unitario_snapshot, subtotal) VALUES (15, 15, 2, 500.00, 1000.00);
INSERT INTO orden_items (id_orden, id_producto, cantidad, precio_unitario_snapshot, subtotal) VALUES (16, 16, 2, 500.00, 1000.00);
INSERT INTO orden_items (id_orden, id_producto, cantidad, precio_unitario_snapshot, subtotal) VALUES (17, 17, 2, 500.00, 1000.00);
INSERT INTO orden_items (id_orden, id_producto, cantidad, precio_unitario_snapshot, subtotal) VALUES (18, 18, 2, 500.00, 1000.00);
INSERT INTO orden_items (id_orden, id_producto, cantidad, precio_unitario_snapshot, subtotal) VALUES (19, 19, 2, 500.00, 1000.00);
INSERT INTO orden_items (id_orden, id_producto, cantidad, precio_unitario_snapshot, subtotal) VALUES (20, 20, 2, 500.00, 1000.00);
INSERT INTO orden_items (id_orden, id_producto, cantidad, precio_unitario_snapshot, subtotal) VALUES (21, 21, 2, 500.00, 1000.00);
INSERT INTO orden_items (id_orden, id_producto, cantidad, precio_unitario_snapshot, subtotal) VALUES (22, 22, 2, 500.00, 1000.00);
INSERT INTO orden_items (id_orden, id_producto, cantidad, precio_unitario_snapshot, subtotal) VALUES (23, 23, 2, 500.00, 1000.00);
INSERT INTO orden_items (id_orden, id_producto, cantidad, precio_unitario_snapshot, subtotal) VALUES (24, 24, 2, 500.00, 1000.00);
INSERT INTO orden_items (id_orden, id_producto, cantidad, precio_unitario_snapshot, subtotal) VALUES (25, 25, 2, 500.00, 1000.00);
INSERT INTO envios (id_orden, estado_envio) VALUES (1, 'entregado');
INSERT INTO envios (id_orden, estado_envio) VALUES (2, 'entregado');
INSERT INTO envios (id_orden, estado_envio) VALUES (3, 'entregado');
INSERT INTO envios (id_orden, estado_envio) VALUES (4, 'entregado');
INSERT INTO envios (id_orden, estado_envio) VALUES (5, 'entregado');
INSERT INTO envios (id_orden, estado_envio) VALUES (6, 'entregado');
INSERT INTO envios (id_orden, estado_envio) VALUES (7, 'entregado');
INSERT INTO envios (id_orden, estado_envio) VALUES (8, 'entregado');
INSERT INTO envios (id_orden, estado_envio) VALUES (9, 'entregado');
INSERT INTO envios (id_orden, estado_envio) VALUES (10, 'entregado');
INSERT INTO envios (id_orden, estado_envio) VALUES (11, 'entregado');
INSERT INTO envios (id_orden, estado_envio) VALUES (12, 'entregado');
INSERT INTO envios (id_orden, estado_envio) VALUES (13, 'entregado');
INSERT INTO envios (id_orden, estado_envio) VALUES (14, 'entregado');
INSERT INTO envios (id_orden, estado_envio) VALUES (15, 'entregado');
INSERT INTO envios (id_orden, estado_envio) VALUES (16, 'entregado');
INSERT INTO envios (id_orden, estado_envio) VALUES (17, 'entregado');
INSERT INTO envios (id_orden, estado_envio) VALUES (18, 'entregado');
INSERT INTO envios (id_orden, estado_envio) VALUES (19, 'entregado');
INSERT INTO envios (id_orden, estado_envio) VALUES (20, 'entregado');
INSERT INTO envios (id_orden, estado_envio) VALUES (21, 'entregado');
INSERT INTO envios (id_orden, estado_envio) VALUES (22, 'entregado');
INSERT INTO envios (id_orden, estado_envio) VALUES (23, 'entregado');
INSERT INTO envios (id_orden, estado_envio) VALUES (24, 'entregado');
INSERT INTO envios (id_orden, estado_envio) VALUES (25, 'entregado');
INSERT INTO pagos (id_orden, id_pago_metodo, monto, estado) VALUES (1, 1, 1035.00, 'aprobado');
INSERT INTO pagos (id_orden, id_pago_metodo, monto, estado) VALUES (2, 1, 1035.00, 'aprobado');
INSERT INTO pagos (id_orden, id_pago_metodo, monto, estado) VALUES (3, 1, 1035.00, 'aprobado');
INSERT INTO pagos (id_orden, id_pago_metodo, monto, estado) VALUES (4, 1, 1035.00, 'aprobado');
INSERT INTO pagos (id_orden, id_pago_metodo, monto, estado) VALUES (5, 1, 1035.00, 'aprobado');
INSERT INTO pagos (id_orden, id_pago_metodo, monto, estado) VALUES (6, 1, 1035.00, 'aprobado');
INSERT INTO pagos (id_orden, id_pago_metodo, monto, estado) VALUES (7, 1, 1035.00, 'aprobado');
INSERT INTO pagos (id_orden, id_pago_metodo, monto, estado) VALUES (8, 1, 1035.00, 'aprobado');
INSERT INTO pagos (id_orden, id_pago_metodo, monto, estado) VALUES (9, 1, 1035.00, 'aprobado');
INSERT INTO pagos (id_orden, id_pago_metodo, monto, estado) VALUES (10, 1, 1035.00, 'aprobado');
INSERT INTO pagos (id_orden, id_pago_metodo, monto, estado) VALUES (11, 1, 1035.00, 'aprobado');
INSERT INTO pagos (id_orden, id_pago_metodo, monto, estado) VALUES (12, 1, 1035.00, 'aprobado');
INSERT INTO pagos (id_orden, id_pago_metodo, monto, estado) VALUES (13, 1, 1035.00, 'aprobado');
INSERT INTO pagos (id_orden, id_pago_metodo, monto, estado) VALUES (14, 1, 1035.00, 'aprobado');
INSERT INTO pagos (id_orden, id_pago_metodo, monto, estado) VALUES (15, 1, 1035.00, 'aprobado');
INSERT INTO pagos (id_orden, id_pago_metodo, monto, estado) VALUES (16, 1, 1035.00, 'aprobado');
INSERT INTO pagos (id_orden, id_pago_metodo, monto, estado) VALUES (17, 1, 1035.00, 'aprobado');
INSERT INTO pagos (id_orden, id_pago_metodo, monto, estado) VALUES (18, 1, 1035.00, 'aprobado');
INSERT INTO pagos (id_orden, id_pago_metodo, monto, estado) VALUES (19, 1, 1035.00, 'aprobado');
INSERT INTO pagos (id_orden, id_pago_metodo, monto, estado) VALUES (20, 1, 1035.00, 'aprobado');
INSERT INTO pagos (id_orden, id_pago_metodo, monto, estado) VALUES (21, 1, 1035.00, 'aprobado');
INSERT INTO pagos (id_orden, id_pago_metodo, monto, estado) VALUES (22, 1, 1035.00, 'aprobado');
INSERT INTO pagos (id_orden, id_pago_metodo, monto, estado) VALUES (23, 1, 1035.00, 'aprobado');
INSERT INTO pagos (id_orden, id_pago_metodo, monto, estado) VALUES (24, 1, 1035.00, 'aprobado');
INSERT INTO pagos (id_orden, id_pago_metodo, monto, estado) VALUES (25, 1, 1035.00, 'aprobado');
INSERT INTO movimientos_inventario (id_producto, tipo, cantidad, stock_antes, stock_despues, id_usuario_resp) VALUES (1, 'entrada', 50, 0, 50, 1);
INSERT INTO movimientos_inventario (id_producto, tipo, cantidad, stock_antes, stock_despues, id_usuario_resp) VALUES (2, 'entrada', 50, 0, 50, 1);
INSERT INTO movimientos_inventario (id_producto, tipo, cantidad, stock_antes, stock_despues, id_usuario_resp) VALUES (3, 'entrada', 50, 0, 50, 1);
INSERT INTO movimientos_inventario (id_producto, tipo, cantidad, stock_antes, stock_despues, id_usuario_resp) VALUES (4, 'entrada', 50, 0, 50, 1);
INSERT INTO movimientos_inventario (id_producto, tipo, cantidad, stock_antes, stock_despues, id_usuario_resp) VALUES (5, 'entrada', 50, 0, 50, 1);
INSERT INTO movimientos_inventario (id_producto, tipo, cantidad, stock_antes, stock_despues, id_usuario_resp) VALUES (6, 'entrada', 50, 0, 50, 1);
INSERT INTO movimientos_inventario (id_producto, tipo, cantidad, stock_antes, stock_despues, id_usuario_resp) VALUES (7, 'entrada', 50, 0, 50, 1);
INSERT INTO movimientos_inventario (id_producto, tipo, cantidad, stock_antes, stock_despues, id_usuario_resp) VALUES (8, 'entrada', 50, 0, 50, 1);
INSERT INTO movimientos_inventario (id_producto, tipo, cantidad, stock_antes, stock_despues, id_usuario_resp) VALUES (9, 'entrada', 50, 0, 50, 1);
INSERT INTO movimientos_inventario (id_producto, tipo, cantidad, stock_antes, stock_despues, id_usuario_resp) VALUES (10, 'entrada', 50, 0, 50, 1);
INSERT INTO movimientos_inventario (id_producto, tipo, cantidad, stock_antes, stock_despues, id_usuario_resp) VALUES (11, 'entrada', 50, 0, 50, 1);
INSERT INTO movimientos_inventario (id_producto, tipo, cantidad, stock_antes, stock_despues, id_usuario_resp) VALUES (12, 'entrada', 50, 0, 50, 1);
INSERT INTO movimientos_inventario (id_producto, tipo, cantidad, stock_antes, stock_despues, id_usuario_resp) VALUES (13, 'entrada', 50, 0, 50, 1);
INSERT INTO movimientos_inventario (id_producto, tipo, cantidad, stock_antes, stock_despues, id_usuario_resp) VALUES (14, 'entrada', 50, 0, 50, 1);
INSERT INTO movimientos_inventario (id_producto, tipo, cantidad, stock_antes, stock_despues, id_usuario_resp) VALUES (15, 'entrada', 50, 0, 50, 1);
INSERT INTO movimientos_inventario (id_producto, tipo, cantidad, stock_antes, stock_despues, id_usuario_resp) VALUES (16, 'entrada', 50, 0, 50, 1);
INSERT INTO movimientos_inventario (id_producto, tipo, cantidad, stock_antes, stock_despues, id_usuario_resp) VALUES (17, 'entrada', 50, 0, 50, 1);
INSERT INTO movimientos_inventario (id_producto, tipo, cantidad, stock_antes, stock_despues, id_usuario_resp) VALUES (18, 'entrada', 50, 0, 50, 1);
INSERT INTO movimientos_inventario (id_producto, tipo, cantidad, stock_antes, stock_despues, id_usuario_resp) VALUES (19, 'entrada', 50, 0, 50, 1);
INSERT INTO movimientos_inventario (id_producto, tipo, cantidad, stock_antes, stock_despues, id_usuario_resp) VALUES (20, 'entrada', 50, 0, 50, 1);
INSERT INTO movimientos_inventario (id_producto, tipo, cantidad, stock_antes, stock_despues, id_usuario_resp) VALUES (21, 'entrada', 50, 0, 50, 1);
INSERT INTO movimientos_inventario (id_producto, tipo, cantidad, stock_antes, stock_despues, id_usuario_resp) VALUES (22, 'entrada', 50, 0, 50, 1);
INSERT INTO movimientos_inventario (id_producto, tipo, cantidad, stock_antes, stock_despues, id_usuario_resp) VALUES (23, 'entrada', 50, 0, 50, 1);
INSERT INTO movimientos_inventario (id_producto, tipo, cantidad, stock_antes, stock_despues, id_usuario_resp) VALUES (24, 'entrada', 50, 0, 50, 1);
INSERT INTO movimientos_inventario (id_producto, tipo, cantidad, stock_antes, stock_despues, id_usuario_resp) VALUES (25, 'entrada', 50, 0, 50, 1);