-- Archivo Seed para KoreGT
INSERT INTO roles_usuario (nombre, descripcion) VALUES ('cliente', 'Descripción del rol cliente');
INSERT INTO roles_usuario (nombre, descripcion) VALUES ('administrador', 'Descripción del rol administrador');
INSERT INTO roles_usuario (nombre, descripcion) VALUES ('superadministrador', 'Descripción del rol superadministrador');
INSERT INTO roles_usuario (nombre, descripcion) VALUES ('rol_especial_4', 'Descripción del rol rol_especial_4');
INSERT INTO roles_usuario (nombre, descripcion) VALUES ('rol_especial_5', 'Descripción del rol rol_especial_5');
INSERT INTO roles_usuario (nombre, descripcion) VALUES ('rol_especial_6', 'Descripción del rol rol_especial_6');
INSERT INTO roles_usuario (nombre, descripcion) VALUES ('rol_especial_7', 'Descripción del rol rol_especial_7');
INSERT INTO roles_usuario (nombre, descripcion) VALUES ('rol_especial_8', 'Descripción del rol rol_especial_8');
INSERT INTO roles_usuario (nombre, descripcion) VALUES ('rol_especial_9', 'Descripción del rol rol_especial_9');
INSERT INTO roles_usuario (nombre, descripcion) VALUES ('rol_especial_10', 'Descripción del rol rol_especial_10');
INSERT INTO roles_usuario (nombre, descripcion) VALUES ('rol_especial_11', 'Descripción del rol rol_especial_11');
INSERT INTO roles_usuario (nombre, descripcion) VALUES ('rol_especial_12', 'Descripción del rol rol_especial_12');
INSERT INTO roles_usuario (nombre, descripcion) VALUES ('rol_especial_13', 'Descripción del rol rol_especial_13');
INSERT INTO roles_usuario (nombre, descripcion) VALUES ('rol_especial_14', 'Descripción del rol rol_especial_14');
INSERT INTO roles_usuario (nombre, descripcion) VALUES ('rol_especial_15', 'Descripción del rol rol_especial_15');
INSERT INTO roles_usuario (nombre, descripcion) VALUES ('rol_especial_16', 'Descripción del rol rol_especial_16');
INSERT INTO roles_usuario (nombre, descripcion) VALUES ('rol_especial_17', 'Descripción del rol rol_especial_17');
INSERT INTO roles_usuario (nombre, descripcion) VALUES ('rol_especial_18', 'Descripción del rol rol_especial_18');
INSERT INTO roles_usuario (nombre, descripcion) VALUES ('rol_especial_19', 'Descripción del rol rol_especial_19');
INSERT INTO roles_usuario (nombre, descripcion) VALUES ('rol_especial_20', 'Descripción del rol rol_especial_20');
INSERT INTO roles_usuario (nombre, descripcion) VALUES ('rol_especial_21', 'Descripción del rol rol_especial_21');
INSERT INTO roles_usuario (nombre, descripcion) VALUES ('rol_especial_22', 'Descripción del rol rol_especial_22');
INSERT INTO roles_usuario (nombre, descripcion) VALUES ('rol_especial_23', 'Descripción del rol rol_especial_23');
INSERT INTO roles_usuario (nombre, descripcion) VALUES ('rol_especial_24', 'Descripción del rol rol_especial_24');
INSERT INTO roles_usuario (nombre, descripcion) VALUES ('rol_especial_25', 'Descripción del rol rol_especial_25');
INSERT INTO roles_usuario (nombre, descripcion) VALUES ('rol_especial_26', 'Descripción del rol rol_especial_26');
INSERT INTO roles_usuario (nombre, descripcion) VALUES ('rol_especial_27', 'Descripción del rol rol_especial_27');
INSERT INTO roles_usuario (nombre, descripcion) VALUES ('rol_especial_28', 'Descripción del rol rol_especial_28');
INSERT INTO roles_usuario (nombre, descripcion) VALUES ('rol_especial_29', 'Descripción del rol rol_especial_29');
INSERT INTO roles_usuario (nombre, descripcion) VALUES ('rol_especial_30', 'Descripción del rol rol_especial_30');
INSERT INTO roles_usuario (nombre, descripcion) VALUES ('rol_especial_31', 'Descripción del rol rol_especial_31');
INSERT INTO roles_usuario (nombre, descripcion) VALUES ('rol_especial_32', 'Descripción del rol rol_especial_32');
INSERT INTO roles_usuario (nombre, descripcion) VALUES ('rol_especial_33', 'Descripción del rol rol_especial_33');
INSERT INTO roles_usuario (nombre, descripcion) VALUES ('rol_especial_34', 'Descripción del rol rol_especial_34');
INSERT INTO roles_usuario (nombre, descripcion) VALUES ('rol_especial_35', 'Descripción del rol rol_especial_35');
INSERT INTO roles_usuario (nombre, descripcion) VALUES ('rol_especial_36', 'Descripción del rol rol_especial_36');
INSERT INTO roles_usuario (nombre, descripcion) VALUES ('rol_especial_37', 'Descripción del rol rol_especial_37');
INSERT INTO roles_usuario (nombre, descripcion) VALUES ('rol_especial_38', 'Descripción del rol rol_especial_38');
INSERT INTO roles_usuario (nombre, descripcion) VALUES ('rol_especial_39', 'Descripción del rol rol_especial_39');
INSERT INTO roles_usuario (nombre, descripcion) VALUES ('rol_especial_40', 'Descripción del rol rol_especial_40');
INSERT INTO roles_usuario (nombre, descripcion) VALUES ('rol_especial_41', 'Descripción del rol rol_especial_41');
INSERT INTO roles_usuario (nombre, descripcion) VALUES ('rol_especial_42', 'Descripción del rol rol_especial_42');
INSERT INTO roles_usuario (nombre, descripcion) VALUES ('rol_especial_43', 'Descripción del rol rol_especial_43');
INSERT INTO roles_usuario (nombre, descripcion) VALUES ('rol_especial_44', 'Descripción del rol rol_especial_44');
INSERT INTO roles_usuario (nombre, descripcion) VALUES ('rol_especial_45', 'Descripción del rol rol_especial_45');
INSERT INTO roles_usuario (nombre, descripcion) VALUES ('rol_especial_46', 'Descripción del rol rol_especial_46');
INSERT INTO roles_usuario (nombre, descripcion) VALUES ('rol_especial_47', 'Descripción del rol rol_especial_47');
INSERT INTO roles_usuario (nombre, descripcion) VALUES ('rol_especial_48', 'Descripción del rol rol_especial_48');
INSERT INTO roles_usuario (nombre, descripcion) VALUES ('rol_especial_49', 'Descripción del rol rol_especial_49');
INSERT INTO roles_usuario (nombre, descripcion) VALUES ('rol_especial_50', 'Descripción del rol rol_especial_50');
INSERT INTO usuarios (nombre_completo, correo, contrasena_hash, telefono, id_rol, activo) VALUES ('Juan Perez', 'juan.perez@ejemplo.com', '2bb80d537b1da3e38bd30361aa855686bde0eacd7162fef6a25fe97bf527a25b', '55550000', 3, true);
INSERT INTO usuarios (nombre_completo, correo, contrasena_hash, telefono, id_rol, activo) VALUES ('Maria Garcia', 'maria.garcia@ejemplo.com', '2bb80d537b1da3e38bd30361aa855686bde0eacd7162fef6a25fe97bf527a25b', '55550001', 2, true);
INSERT INTO usuarios (nombre_completo, correo, contrasena_hash, telefono, id_rol, activo) VALUES ('Carlos Lopez', 'carlos.lopez@ejemplo.com', '2bb80d537b1da3e38bd30361aa855686bde0eacd7162fef6a25fe97bf527a25b', '55550002', 2, true);
INSERT INTO usuarios (nombre_completo, correo, contrasena_hash, telefono, id_rol, activo) VALUES ('Ana Martinez', 'ana.martinez@ejemplo.com', '2bb80d537b1da3e38bd30361aa855686bde0eacd7162fef6a25fe97bf527a25b', '55550003', 1, true);
INSERT INTO usuarios (nombre_completo, correo, contrasena_hash, telefono, id_rol, activo) VALUES ('Luis Gonzalez', 'luis.gonzalez@ejemplo.com', '2bb80d537b1da3e38bd30361aa855686bde0eacd7162fef6a25fe97bf527a25b', '55550004', 1, true);
INSERT INTO usuarios (nombre_completo, correo, contrasena_hash, telefono, id_rol, activo) VALUES ('Jose Rodriguez', 'jose.rodriguez@ejemplo.com', '2bb80d537b1da3e38bd30361aa855686bde0eacd7162fef6a25fe97bf527a25b', '55550005', 1, true);
INSERT INTO usuarios (nombre_completo, correo, contrasena_hash, telefono, id_rol, activo) VALUES ('Laura Hernandez', 'laura.hernandez@ejemplo.com', '2bb80d537b1da3e38bd30361aa855686bde0eacd7162fef6a25fe97bf527a25b', '55550006', 1, true);
INSERT INTO usuarios (nombre_completo, correo, contrasena_hash, telefono, id_rol, activo) VALUES ('Pedro Ramirez', 'pedro.ramirez@ejemplo.com', '2bb80d537b1da3e38bd30361aa855686bde0eacd7162fef6a25fe97bf527a25b', '55550007', 1, true);
INSERT INTO usuarios (nombre_completo, correo, contrasena_hash, telefono, id_rol, activo) VALUES ('Sofia Cruz', 'sofia.cruz@ejemplo.com', '2bb80d537b1da3e38bd30361aa855686bde0eacd7162fef6a25fe97bf527a25b', '55550008', 1, true);
INSERT INTO usuarios (nombre_completo, correo, contrasena_hash, telefono, id_rol, activo) VALUES ('Diego Flores', 'diego.flores@ejemplo.com', '2bb80d537b1da3e38bd30361aa855686bde0eacd7162fef6a25fe97bf527a25b', '55550009', 1, true);
INSERT INTO usuarios (nombre_completo, correo, contrasena_hash, telefono, id_rol, activo) VALUES ('Marta Gomez', 'marta.gomez@ejemplo.com', '2bb80d537b1da3e38bd30361aa855686bde0eacd7162fef6a25fe97bf527a25b', '55550010', 1, true);
INSERT INTO usuarios (nombre_completo, correo, contrasena_hash, telefono, id_rol, activo) VALUES ('Jorge Diaz', 'jorge.diaz@ejemplo.com', '2bb80d537b1da3e38bd30361aa855686bde0eacd7162fef6a25fe97bf527a25b', '55550011', 1, true);
INSERT INTO usuarios (nombre_completo, correo, contrasena_hash, telefono, id_rol, activo) VALUES ('Elena Reyes', 'elena.reyes@ejemplo.com', '2bb80d537b1da3e38bd30361aa855686bde0eacd7162fef6a25fe97bf527a25b', '55550012', 1, true);
INSERT INTO usuarios (nombre_completo, correo, contrasena_hash, telefono, id_rol, activo) VALUES ('Raul Morales', 'raul.morales@ejemplo.com', '2bb80d537b1da3e38bd30361aa855686bde0eacd7162fef6a25fe97bf527a25b', '55550013', 1, true);
INSERT INTO usuarios (nombre_completo, correo, contrasena_hash, telefono, id_rol, activo) VALUES ('Carmen Ortiz', 'carmen.ortiz@ejemplo.com', '2bb80d537b1da3e38bd30361aa855686bde0eacd7162fef6a25fe97bf527a25b', '55550014', 1, true);
INSERT INTO usuarios (nombre_completo, correo, contrasena_hash, telefono, id_rol, activo) VALUES ('Miguel Silva', 'miguel.silva@ejemplo.com', '2bb80d537b1da3e38bd30361aa855686bde0eacd7162fef6a25fe97bf527a25b', '55550015', 1, true);
INSERT INTO usuarios (nombre_completo, correo, contrasena_hash, telefono, id_rol, activo) VALUES ('Rosa Romero', 'rosa.romero@ejemplo.com', '2bb80d537b1da3e38bd30361aa855686bde0eacd7162fef6a25fe97bf527a25b', '55550016', 1, true);
INSERT INTO usuarios (nombre_completo, correo, contrasena_hash, telefono, id_rol, activo) VALUES ('Victor Vargas', 'victor.vargas@ejemplo.com', '2bb80d537b1da3e38bd30361aa855686bde0eacd7162fef6a25fe97bf527a25b', '55550017', 1, true);
INSERT INTO usuarios (nombre_completo, correo, contrasena_hash, telefono, id_rol, activo) VALUES ('Lucia Castro', 'lucia.castro@ejemplo.com', '2bb80d537b1da3e38bd30361aa855686bde0eacd7162fef6a25fe97bf527a25b', '55550018', 1, true);
INSERT INTO usuarios (nombre_completo, correo, contrasena_hash, telefono, id_rol, activo) VALUES ('Hugo Ruiz', 'hugo.ruiz@ejemplo.com', '2bb80d537b1da3e38bd30361aa855686bde0eacd7162fef6a25fe97bf527a25b', '55550019', 1, true);
INSERT INTO usuarios (nombre_completo, correo, contrasena_hash, telefono, id_rol, activo) VALUES ('Silvia Mendoza', 'silvia.mendoza@ejemplo.com', '2bb80d537b1da3e38bd30361aa855686bde0eacd7162fef6a25fe97bf527a25b', '55550020', 1, true);
INSERT INTO usuarios (nombre_completo, correo, contrasena_hash, telefono, id_rol, activo) VALUES ('Alberto Aguilar', 'alberto.aguilar@ejemplo.com', '2bb80d537b1da3e38bd30361aa855686bde0eacd7162fef6a25fe97bf527a25b', '55550021', 1, true);
INSERT INTO usuarios (nombre_completo, correo, contrasena_hash, telefono, id_rol, activo) VALUES ('Patricia Suarez', 'patricia.suarez@ejemplo.com', '2bb80d537b1da3e38bd30361aa855686bde0eacd7162fef6a25fe97bf527a25b', '55550022', 1, true);
INSERT INTO usuarios (nombre_completo, correo, contrasena_hash, telefono, id_rol, activo) VALUES ('Mario Castillo', 'mario.castillo@ejemplo.com', '2bb80d537b1da3e38bd30361aa855686bde0eacd7162fef6a25fe97bf527a25b', '55550023', 1, true);
INSERT INTO usuarios (nombre_completo, correo, contrasena_hash, telefono, id_rol, activo) VALUES ('Teresa Delgado', 'teresa.delgado@ejemplo.com', '2bb80d537b1da3e38bd30361aa855686bde0eacd7162fef6a25fe97bf527a25b', '55550024', 1, true);
INSERT INTO usuarios (nombre_completo, correo, contrasena_hash, telefono, id_rol, activo) VALUES ('Usuario Dummy 26', 'usuario.dummy.26@ejemplo.com', '2bb80d537b1da3e38bd30361aa855686bde0eacd7162fef6a25fe97bf527a25b', '55550025', 1, true);
INSERT INTO usuarios (nombre_completo, correo, contrasena_hash, telefono, id_rol, activo) VALUES ('Usuario Dummy 27', 'usuario.dummy.27@ejemplo.com', '2bb80d537b1da3e38bd30361aa855686bde0eacd7162fef6a25fe97bf527a25b', '55550026', 1, true);
INSERT INTO usuarios (nombre_completo, correo, contrasena_hash, telefono, id_rol, activo) VALUES ('Usuario Dummy 28', 'usuario.dummy.28@ejemplo.com', '2bb80d537b1da3e38bd30361aa855686bde0eacd7162fef6a25fe97bf527a25b', '55550027', 1, true);
INSERT INTO usuarios (nombre_completo, correo, contrasena_hash, telefono, id_rol, activo) VALUES ('Usuario Dummy 29', 'usuario.dummy.29@ejemplo.com', '2bb80d537b1da3e38bd30361aa855686bde0eacd7162fef6a25fe97bf527a25b', '55550028', 1, true);
INSERT INTO usuarios (nombre_completo, correo, contrasena_hash, telefono, id_rol, activo) VALUES ('Usuario Dummy 30', 'usuario.dummy.30@ejemplo.com', '2bb80d537b1da3e38bd30361aa855686bde0eacd7162fef6a25fe97bf527a25b', '55550029', 1, true);
INSERT INTO usuarios (nombre_completo, correo, contrasena_hash, telefono, id_rol, activo) VALUES ('Usuario Dummy 31', 'usuario.dummy.31@ejemplo.com', '2bb80d537b1da3e38bd30361aa855686bde0eacd7162fef6a25fe97bf527a25b', '55550030', 1, true);
INSERT INTO usuarios (nombre_completo, correo, contrasena_hash, telefono, id_rol, activo) VALUES ('Usuario Dummy 32', 'usuario.dummy.32@ejemplo.com', '2bb80d537b1da3e38bd30361aa855686bde0eacd7162fef6a25fe97bf527a25b', '55550031', 1, true);
INSERT INTO usuarios (nombre_completo, correo, contrasena_hash, telefono, id_rol, activo) VALUES ('Usuario Dummy 33', 'usuario.dummy.33@ejemplo.com', '2bb80d537b1da3e38bd30361aa855686bde0eacd7162fef6a25fe97bf527a25b', '55550032', 1, true);
INSERT INTO usuarios (nombre_completo, correo, contrasena_hash, telefono, id_rol, activo) VALUES ('Usuario Dummy 34', 'usuario.dummy.34@ejemplo.com', '2bb80d537b1da3e38bd30361aa855686bde0eacd7162fef6a25fe97bf527a25b', '55550033', 1, true);
INSERT INTO usuarios (nombre_completo, correo, contrasena_hash, telefono, id_rol, activo) VALUES ('Usuario Dummy 35', 'usuario.dummy.35@ejemplo.com', '2bb80d537b1da3e38bd30361aa855686bde0eacd7162fef6a25fe97bf527a25b', '55550034', 1, true);
INSERT INTO usuarios (nombre_completo, correo, contrasena_hash, telefono, id_rol, activo) VALUES ('Usuario Dummy 36', 'usuario.dummy.36@ejemplo.com', '2bb80d537b1da3e38bd30361aa855686bde0eacd7162fef6a25fe97bf527a25b', '55550035', 1, true);
INSERT INTO usuarios (nombre_completo, correo, contrasena_hash, telefono, id_rol, activo) VALUES ('Usuario Dummy 37', 'usuario.dummy.37@ejemplo.com', '2bb80d537b1da3e38bd30361aa855686bde0eacd7162fef6a25fe97bf527a25b', '55550036', 1, true);
INSERT INTO usuarios (nombre_completo, correo, contrasena_hash, telefono, id_rol, activo) VALUES ('Usuario Dummy 38', 'usuario.dummy.38@ejemplo.com', '2bb80d537b1da3e38bd30361aa855686bde0eacd7162fef6a25fe97bf527a25b', '55550037', 1, true);
INSERT INTO usuarios (nombre_completo, correo, contrasena_hash, telefono, id_rol, activo) VALUES ('Usuario Dummy 39', 'usuario.dummy.39@ejemplo.com', '2bb80d537b1da3e38bd30361aa855686bde0eacd7162fef6a25fe97bf527a25b', '55550038', 1, true);
INSERT INTO usuarios (nombre_completo, correo, contrasena_hash, telefono, id_rol, activo) VALUES ('Usuario Dummy 40', 'usuario.dummy.40@ejemplo.com', '2bb80d537b1da3e38bd30361aa855686bde0eacd7162fef6a25fe97bf527a25b', '55550039', 1, true);
INSERT INTO usuarios (nombre_completo, correo, contrasena_hash, telefono, id_rol, activo) VALUES ('Usuario Dummy 41', 'usuario.dummy.41@ejemplo.com', '2bb80d537b1da3e38bd30361aa855686bde0eacd7162fef6a25fe97bf527a25b', '55550040', 1, true);
INSERT INTO usuarios (nombre_completo, correo, contrasena_hash, telefono, id_rol, activo) VALUES ('Usuario Dummy 42', 'usuario.dummy.42@ejemplo.com', '2bb80d537b1da3e38bd30361aa855686bde0eacd7162fef6a25fe97bf527a25b', '55550041', 1, true);
INSERT INTO usuarios (nombre_completo, correo, contrasena_hash, telefono, id_rol, activo) VALUES ('Usuario Dummy 43', 'usuario.dummy.43@ejemplo.com', '2bb80d537b1da3e38bd30361aa855686bde0eacd7162fef6a25fe97bf527a25b', '55550042', 1, true);
INSERT INTO usuarios (nombre_completo, correo, contrasena_hash, telefono, id_rol, activo) VALUES ('Usuario Dummy 44', 'usuario.dummy.44@ejemplo.com', '2bb80d537b1da3e38bd30361aa855686bde0eacd7162fef6a25fe97bf527a25b', '55550043', 1, true);
INSERT INTO usuarios (nombre_completo, correo, contrasena_hash, telefono, id_rol, activo) VALUES ('Usuario Dummy 45', 'usuario.dummy.45@ejemplo.com', '2bb80d537b1da3e38bd30361aa855686bde0eacd7162fef6a25fe97bf527a25b', '55550044', 1, true);
INSERT INTO usuarios (nombre_completo, correo, contrasena_hash, telefono, id_rol, activo) VALUES ('Usuario Dummy 46', 'usuario.dummy.46@ejemplo.com', '2bb80d537b1da3e38bd30361aa855686bde0eacd7162fef6a25fe97bf527a25b', '55550045', 1, true);
INSERT INTO usuarios (nombre_completo, correo, contrasena_hash, telefono, id_rol, activo) VALUES ('Usuario Dummy 47', 'usuario.dummy.47@ejemplo.com', '2bb80d537b1da3e38bd30361aa855686bde0eacd7162fef6a25fe97bf527a25b', '55550046', 1, true);
INSERT INTO usuarios (nombre_completo, correo, contrasena_hash, telefono, id_rol, activo) VALUES ('Usuario Dummy 48', 'usuario.dummy.48@ejemplo.com', '2bb80d537b1da3e38bd30361aa855686bde0eacd7162fef6a25fe97bf527a25b', '55550047', 1, true);
INSERT INTO usuarios (nombre_completo, correo, contrasena_hash, telefono, id_rol, activo) VALUES ('Usuario Dummy 49', 'usuario.dummy.49@ejemplo.com', '2bb80d537b1da3e38bd30361aa855686bde0eacd7162fef6a25fe97bf527a25b', '55550048', 1, true);
INSERT INTO usuarios (nombre_completo, correo, contrasena_hash, telefono, id_rol, activo) VALUES ('Usuario Dummy 50', 'usuario.dummy.50@ejemplo.com', '2bb80d537b1da3e38bd30361aa855686bde0eacd7162fef6a25fe97bf527a25b', '55550049', 1, true);
INSERT INTO sesiones (id_usuario, token_hash, ip, user_agent, expira_en) VALUES (1, 'ccee1a67bb5b1c0b2cc95e39dfa8ed366388a3664558f408e0a606569337251d', '192.168.1.1', 'Mozilla/5.0', CURRENT_TIMESTAMP + INTERVAL '1 day');
INSERT INTO sesiones (id_usuario, token_hash, ip, user_agent, expira_en) VALUES (2, '403d2b0f6874f04d0b86da34a1ea338c811bfa6a5529b37d4d73ef09c544f81e', '192.168.1.2', 'Mozilla/5.0', CURRENT_TIMESTAMP + INTERVAL '1 day');
INSERT INTO sesiones (id_usuario, token_hash, ip, user_agent, expira_en) VALUES (3, '249f65ed5d61c2eef493d2bc527ce3ab8fc5b9be64929ce82568aa981e3820dc', '192.168.1.3', 'Mozilla/5.0', CURRENT_TIMESTAMP + INTERVAL '1 day');
INSERT INTO sesiones (id_usuario, token_hash, ip, user_agent, expira_en) VALUES (4, '3337ac6bbd23df24ea0439c26287e5116a66335393e50a15c926502e8123971a', '192.168.1.4', 'Mozilla/5.0', CURRENT_TIMESTAMP + INTERVAL '1 day');
INSERT INTO sesiones (id_usuario, token_hash, ip, user_agent, expira_en) VALUES (5, '7ef3a889fd57a60cc8cff6eca2713ac916524e84d8bbde41a490f70da9d21fa1', '192.168.1.5', 'Mozilla/5.0', CURRENT_TIMESTAMP + INTERVAL '1 day');
INSERT INTO sesiones (id_usuario, token_hash, ip, user_agent, expira_en) VALUES (6, '5bcb69241c7eb1294aa631d57be9a46b6244b0d968c86e492138bc088b43e6cf', '192.168.1.6', 'Mozilla/5.0', CURRENT_TIMESTAMP + INTERVAL '1 day');
INSERT INTO sesiones (id_usuario, token_hash, ip, user_agent, expira_en) VALUES (7, '7574c379681caf87cd27d59d79447531c9b35eeaf0f56dd019fbdf174a0b72e6', '192.168.1.7', 'Mozilla/5.0', CURRENT_TIMESTAMP + INTERVAL '1 day');
INSERT INTO sesiones (id_usuario, token_hash, ip, user_agent, expira_en) VALUES (8, '98b48ad78dae63cc63551c717edd501c05acbf04f766245608184d8f17be0454', '192.168.1.8', 'Mozilla/5.0', CURRENT_TIMESTAMP + INTERVAL '1 day');
INSERT INTO sesiones (id_usuario, token_hash, ip, user_agent, expira_en) VALUES (9, '624cbdf1f59ba50d4d294c28a9942aa2488cd502574f345f6ac6329dc496e704', '192.168.1.9', 'Mozilla/5.0', CURRENT_TIMESTAMP + INTERVAL '1 day');
INSERT INTO sesiones (id_usuario, token_hash, ip, user_agent, expira_en) VALUES (10, '7f187a8c83f060529152c12abda93a7d5d4eec7b703cebaea9ce68d0f01782f0', '192.168.1.10', 'Mozilla/5.0', CURRENT_TIMESTAMP + INTERVAL '1 day');
INSERT INTO sesiones (id_usuario, token_hash, ip, user_agent, expira_en) VALUES (11, '1711c1e2c5b8599d5b2170bdb11112e01e29a34add28a6e83347d5b6b1639831', '192.168.1.11', 'Mozilla/5.0', CURRENT_TIMESTAMP + INTERVAL '1 day');
INSERT INTO sesiones (id_usuario, token_hash, ip, user_agent, expira_en) VALUES (12, '00579d577d3d51717db1b347627760fb89801d02dc24bfe8b42eb867c841f2bb', '192.168.1.12', 'Mozilla/5.0', CURRENT_TIMESTAMP + INTERVAL '1 day');
INSERT INTO sesiones (id_usuario, token_hash, ip, user_agent, expira_en) VALUES (13, 'd499f033ce41b55937b6f2bacf1c85af3b2a38e68b06247194c8984053c18d98', '192.168.1.13', 'Mozilla/5.0', CURRENT_TIMESTAMP + INTERVAL '1 day');
INSERT INTO sesiones (id_usuario, token_hash, ip, user_agent, expira_en) VALUES (14, '0ebd4584777ea0571928971cfcf3385004c17995650d5a1cf976528c3d8da408', '192.168.1.14', 'Mozilla/5.0', CURRENT_TIMESTAMP + INTERVAL '1 day');
INSERT INTO sesiones (id_usuario, token_hash, ip, user_agent, expira_en) VALUES (15, '8198c3b0651e2be938092532c13af497b7fd1e6a476cc99da646167d397ab7bf', '192.168.1.15', 'Mozilla/5.0', CURRENT_TIMESTAMP + INTERVAL '1 day');
INSERT INTO sesiones (id_usuario, token_hash, ip, user_agent, expira_en) VALUES (16, '4026f74d953fd1aaca78b15ab26cc44d6a7f9431a1eb8b50e9ead77e4585f0d8', '192.168.1.16', 'Mozilla/5.0', CURRENT_TIMESTAMP + INTERVAL '1 day');
INSERT INTO sesiones (id_usuario, token_hash, ip, user_agent, expira_en) VALUES (17, 'bf54f30877803fe7069d9cf51e4b0abbdcad45e20c9240070309fb55a363842a', '192.168.1.17', 'Mozilla/5.0', CURRENT_TIMESTAMP + INTERVAL '1 day');
INSERT INTO sesiones (id_usuario, token_hash, ip, user_agent, expira_en) VALUES (18, '7d8667fe25bb0a4143f23d7659ca296ba2fda7bf19b436751d261202a9e40840', '192.168.1.18', 'Mozilla/5.0', CURRENT_TIMESTAMP + INTERVAL '1 day');
INSERT INTO sesiones (id_usuario, token_hash, ip, user_agent, expira_en) VALUES (19, '583e15405c237465504b6fe704f5f40401b03aad61541178b4a15df9dbcd2008', '192.168.1.19', 'Mozilla/5.0', CURRENT_TIMESTAMP + INTERVAL '1 day');
INSERT INTO sesiones (id_usuario, token_hash, ip, user_agent, expira_en) VALUES (20, '7bb21aa64f8922425780851034d9c1bd6f606a164d7627a54b0828a8e2a47c07', '192.168.1.20', 'Mozilla/5.0', CURRENT_TIMESTAMP + INTERVAL '1 day');
INSERT INTO sesiones (id_usuario, token_hash, ip, user_agent, expira_en) VALUES (21, 'b6f6cecc1599804af3a8e9cc01d5fa8b69230cef37ae3092dd2ef9c392b930fe', '192.168.1.21', 'Mozilla/5.0', CURRENT_TIMESTAMP + INTERVAL '1 day');
INSERT INTO sesiones (id_usuario, token_hash, ip, user_agent, expira_en) VALUES (22, 'b4a3393c060d9cec288c83a2f0a03d133330aa23ac676e48963c6c84986e1ee8', '192.168.1.22', 'Mozilla/5.0', CURRENT_TIMESTAMP + INTERVAL '1 day');
INSERT INTO sesiones (id_usuario, token_hash, ip, user_agent, expira_en) VALUES (23, '49731efc992ba2dfe03e077a208205ce011962b8737a1d8ef0160fc353618c82', '192.168.1.23', 'Mozilla/5.0', CURRENT_TIMESTAMP + INTERVAL '1 day');
INSERT INTO sesiones (id_usuario, token_hash, ip, user_agent, expira_en) VALUES (24, '95277dc050dc4bd0ba1e9614ff083ee6895de85fb065e13a623029b5e828eb62', '192.168.1.24', 'Mozilla/5.0', CURRENT_TIMESTAMP + INTERVAL '1 day');
INSERT INTO sesiones (id_usuario, token_hash, ip, user_agent, expira_en) VALUES (25, '03b5a348d2400e4dd4d3f5135803e776eaecb99cdfa3af29c9970a3afec50828', '192.168.1.25', 'Mozilla/5.0', CURRENT_TIMESTAMP + INTERVAL '1 day');
INSERT INTO sesiones (id_usuario, token_hash, ip, user_agent, expira_en) VALUES (26, '615246a7b6cdbbb51f684146c7867881c7b59e212c5352d7686ba1770817b5be', '192.168.1.26', 'Mozilla/5.0', CURRENT_TIMESTAMP + INTERVAL '1 day');
INSERT INTO sesiones (id_usuario, token_hash, ip, user_agent, expira_en) VALUES (27, '2d16087d08f6100c4fa2452a8f811e96593841a63908dfc7833e12b42f11a8bf', '192.168.1.27', 'Mozilla/5.0', CURRENT_TIMESTAMP + INTERVAL '1 day');
INSERT INTO sesiones (id_usuario, token_hash, ip, user_agent, expira_en) VALUES (28, '0c6baf96ae51a0377bd6f839f16ace35af8c1476bfdb2feb53f259d290bb17cc', '192.168.1.28', 'Mozilla/5.0', CURRENT_TIMESTAMP + INTERVAL '1 day');
INSERT INTO sesiones (id_usuario, token_hash, ip, user_agent, expira_en) VALUES (29, '848a46313382e43ec932207d86574b79d7daa8575e148b3bfb34e4a793965279', '192.168.1.29', 'Mozilla/5.0', CURRENT_TIMESTAMP + INTERVAL '1 day');
INSERT INTO sesiones (id_usuario, token_hash, ip, user_agent, expira_en) VALUES (30, '0e86c1538544557ade959fdeefd69c7dc1b68d964bc1d6f3cd47e2a459eebbf9', '192.168.1.30', 'Mozilla/5.0', CURRENT_TIMESTAMP + INTERVAL '1 day');
INSERT INTO sesiones (id_usuario, token_hash, ip, user_agent, expira_en) VALUES (31, '49878d3b5931eb5d623182ec658aeb51ac941374615f29ea869eb67c51880201', '192.168.1.31', 'Mozilla/5.0', CURRENT_TIMESTAMP + INTERVAL '1 day');
INSERT INTO sesiones (id_usuario, token_hash, ip, user_agent, expira_en) VALUES (32, '36f41609ad0c378229196db13649898cc79b9751d1116355d27b2317c9aa1310', '192.168.1.32', 'Mozilla/5.0', CURRENT_TIMESTAMP + INTERVAL '1 day');
INSERT INTO sesiones (id_usuario, token_hash, ip, user_agent, expira_en) VALUES (33, 'f04980ee6ec55940d33b8768575acbbcde5bd53c68073f0101294a01a7e0ca9f', '192.168.1.33', 'Mozilla/5.0', CURRENT_TIMESTAMP + INTERVAL '1 day');
INSERT INTO sesiones (id_usuario, token_hash, ip, user_agent, expira_en) VALUES (34, '3795c919ac4dd636632e60db4e55d8960773f827c40cfdaf301805b379ce4e66', '192.168.1.34', 'Mozilla/5.0', CURRENT_TIMESTAMP + INTERVAL '1 day');
INSERT INTO sesiones (id_usuario, token_hash, ip, user_agent, expira_en) VALUES (35, 'b1b7a754c046cae59546b93d01f884fe0aa12c12749e3389a7b0fef0086c4024', '192.168.1.35', 'Mozilla/5.0', CURRENT_TIMESTAMP + INTERVAL '1 day');
INSERT INTO sesiones (id_usuario, token_hash, ip, user_agent, expira_en) VALUES (36, 'cb2c806c978add9a165116ba4a6852d11922e23482a0e6cd90d0e10ba32b13e2', '192.168.1.36', 'Mozilla/5.0', CURRENT_TIMESTAMP + INTERVAL '1 day');
INSERT INTO sesiones (id_usuario, token_hash, ip, user_agent, expira_en) VALUES (37, '241e8888508669aec3a81e44e93ed6ac164c317d5a6a9a9bcc1e69a73aa4c0ba', '192.168.1.37', 'Mozilla/5.0', CURRENT_TIMESTAMP + INTERVAL '1 day');
INSERT INTO sesiones (id_usuario, token_hash, ip, user_agent, expira_en) VALUES (38, 'fd534f1de36be40ff5f21df6562acfc737a697b42ba6fdafc49c8ca9c4276114', '192.168.1.38', 'Mozilla/5.0', CURRENT_TIMESTAMP + INTERVAL '1 day');
INSERT INTO sesiones (id_usuario, token_hash, ip, user_agent, expira_en) VALUES (39, '8ac92c10efdd3531ac93e5a4b4568ec5a8b72f693288aac341434756bcd71515', '192.168.1.39', 'Mozilla/5.0', CURRENT_TIMESTAMP + INTERVAL '1 day');
INSERT INTO sesiones (id_usuario, token_hash, ip, user_agent, expira_en) VALUES (40, 'c10fba871374b6516c5fa50122c5380bccacacccef0b4d3bcb3f3fb73b498132', '192.168.1.40', 'Mozilla/5.0', CURRENT_TIMESTAMP + INTERVAL '1 day');
INSERT INTO sesiones (id_usuario, token_hash, ip, user_agent, expira_en) VALUES (41, 'db892e71fe3266bc3164f525ed11662f70e32cb18522a889adedb73f4e8ac199', '192.168.1.41', 'Mozilla/5.0', CURRENT_TIMESTAMP + INTERVAL '1 day');
INSERT INTO sesiones (id_usuario, token_hash, ip, user_agent, expira_en) VALUES (42, 'a1838a448e32bc6dd32dc4cbc77296132ca79d4bee916dbe520c12538e92e30c', '192.168.1.42', 'Mozilla/5.0', CURRENT_TIMESTAMP + INTERVAL '1 day');
INSERT INTO sesiones (id_usuario, token_hash, ip, user_agent, expira_en) VALUES (43, '6d79735750dfddd25701bf0ca33247ffa68744fbbbffb02e5f1767940201a799', '192.168.1.43', 'Mozilla/5.0', CURRENT_TIMESTAMP + INTERVAL '1 day');
INSERT INTO sesiones (id_usuario, token_hash, ip, user_agent, expira_en) VALUES (44, 'bca5b9f3ea5d4687d3523fd1cc6089eb2a9d5b762afa071d4cb8697d70f1346c', '192.168.1.44', 'Mozilla/5.0', CURRENT_TIMESTAMP + INTERVAL '1 day');
INSERT INTO sesiones (id_usuario, token_hash, ip, user_agent, expira_en) VALUES (45, 'd187eaaccf7b291b0024b15ba2678a5796482ff038682830488d3fddc9b4b562', '192.168.1.45', 'Mozilla/5.0', CURRENT_TIMESTAMP + INTERVAL '1 day');
INSERT INTO sesiones (id_usuario, token_hash, ip, user_agent, expira_en) VALUES (46, 'a40364d39ba772f43ec7ddfba335955e7634e2c3265e5a9b28f27dc9c89ff726', '192.168.1.46', 'Mozilla/5.0', CURRENT_TIMESTAMP + INTERVAL '1 day');
INSERT INTO sesiones (id_usuario, token_hash, ip, user_agent, expira_en) VALUES (47, '835b7a82b0488263501c4ec29eb4205c8fc369209f25b4b8d805404736c4563c', '192.168.1.47', 'Mozilla/5.0', CURRENT_TIMESTAMP + INTERVAL '1 day');
INSERT INTO sesiones (id_usuario, token_hash, ip, user_agent, expira_en) VALUES (48, '559b1b4171f07e3e0b3b8a171dbd063aac0d81c063b8e6c9bdaa74af8ff45c6c', '192.168.1.48', 'Mozilla/5.0', CURRENT_TIMESTAMP + INTERVAL '1 day');
INSERT INTO sesiones (id_usuario, token_hash, ip, user_agent, expira_en) VALUES (49, '25fbe371b7a98bf9563cb6a49082beec7c8cd46bee31296e5308d8e59968e59f', '192.168.1.49', 'Mozilla/5.0', CURRENT_TIMESTAMP + INTERVAL '1 day');
INSERT INTO sesiones (id_usuario, token_hash, ip, user_agent, expira_en) VALUES (50, 'c430b3039a738d7744c80accc2d532b53f3b05c66e58b1e10f677d438ce33a1d', '192.168.1.50', 'Mozilla/5.0', CURRENT_TIMESTAMP + INTERVAL '1 day');
INSERT INTO direcciones (id_usuario, alias, departamento, municipio, zona, direccion_linea1, es_predeterminada) VALUES (1, 'Casa', 'Guatemala', 'Municipio 1', 'Zona 1', 'Avenida 1 Calle 2', true);
INSERT INTO direcciones (id_usuario, alias, departamento, municipio, zona, direccion_linea1, es_predeterminada) VALUES (2, 'Casa', 'Alta Verapaz', 'Municipio 2', 'Zona 1', 'Avenida 2 Calle 3', true);
INSERT INTO direcciones (id_usuario, alias, departamento, municipio, zona, direccion_linea1, es_predeterminada) VALUES (3, 'Casa', 'Baja Verapaz', 'Municipio 3', 'Zona 1', 'Avenida 3 Calle 4', true);
INSERT INTO direcciones (id_usuario, alias, departamento, municipio, zona, direccion_linea1, es_predeterminada) VALUES (4, 'Casa', 'Chimaltenango', 'Municipio 4', 'Zona 1', 'Avenida 4 Calle 5', true);
INSERT INTO direcciones (id_usuario, alias, departamento, municipio, zona, direccion_linea1, es_predeterminada) VALUES (5, 'Casa', 'Chiquimula', 'Municipio 5', 'Zona 1', 'Avenida 5 Calle 6', true);
INSERT INTO direcciones (id_usuario, alias, departamento, municipio, zona, direccion_linea1, es_predeterminada) VALUES (6, 'Casa', 'El Progreso', 'Municipio 6', 'Zona 1', 'Avenida 6 Calle 7', true);
INSERT INTO direcciones (id_usuario, alias, departamento, municipio, zona, direccion_linea1, es_predeterminada) VALUES (7, 'Casa', 'Escuintla', 'Municipio 7', 'Zona 1', 'Avenida 7 Calle 8', true);
INSERT INTO direcciones (id_usuario, alias, departamento, municipio, zona, direccion_linea1, es_predeterminada) VALUES (8, 'Casa', 'Jalapa', 'Municipio 8', 'Zona 1', 'Avenida 8 Calle 9', true);
INSERT INTO direcciones (id_usuario, alias, departamento, municipio, zona, direccion_linea1, es_predeterminada) VALUES (9, 'Casa', 'Jutiapa', 'Municipio 9', 'Zona 1', 'Avenida 9 Calle 10', true);
INSERT INTO direcciones (id_usuario, alias, departamento, municipio, zona, direccion_linea1, es_predeterminada) VALUES (10, 'Casa', 'Peten', 'Municipio 10', 'Zona 1', 'Avenida 10 Calle 11', true);
INSERT INTO direcciones (id_usuario, alias, departamento, municipio, zona, direccion_linea1, es_predeterminada) VALUES (11, 'Casa', 'Quetzaltenango', 'Municipio 11', 'Zona 1', 'Avenida 11 Calle 12', true);
INSERT INTO direcciones (id_usuario, alias, departamento, municipio, zona, direccion_linea1, es_predeterminada) VALUES (12, 'Casa', 'Quiche', 'Municipio 12', 'Zona 1', 'Avenida 12 Calle 13', true);
INSERT INTO direcciones (id_usuario, alias, departamento, municipio, zona, direccion_linea1, es_predeterminada) VALUES (13, 'Casa', 'Retalhuleu', 'Municipio 13', 'Zona 1', 'Avenida 13 Calle 14', true);
INSERT INTO direcciones (id_usuario, alias, departamento, municipio, zona, direccion_linea1, es_predeterminada) VALUES (14, 'Casa', 'Sacatepequez', 'Municipio 14', 'Zona 1', 'Avenida 14 Calle 15', true);
INSERT INTO direcciones (id_usuario, alias, departamento, municipio, zona, direccion_linea1, es_predeterminada) VALUES (15, 'Casa', 'San Marcos', 'Municipio 15', 'Zona 1', 'Avenida 15 Calle 16', true);
INSERT INTO direcciones (id_usuario, alias, departamento, municipio, zona, direccion_linea1, es_predeterminada) VALUES (16, 'Casa', 'Santa Rosa', 'Municipio 16', 'Zona 1', 'Avenida 16 Calle 17', true);
INSERT INTO direcciones (id_usuario, alias, departamento, municipio, zona, direccion_linea1, es_predeterminada) VALUES (17, 'Casa', 'Solola', 'Municipio 17', 'Zona 1', 'Avenida 17 Calle 18', true);
INSERT INTO direcciones (id_usuario, alias, departamento, municipio, zona, direccion_linea1, es_predeterminada) VALUES (18, 'Casa', 'Suchitepequez', 'Municipio 18', 'Zona 1', 'Avenida 18 Calle 19', true);
INSERT INTO direcciones (id_usuario, alias, departamento, municipio, zona, direccion_linea1, es_predeterminada) VALUES (19, 'Casa', 'Totonicapan', 'Municipio 19', 'Zona 1', 'Avenida 19 Calle 20', true);
INSERT INTO direcciones (id_usuario, alias, departamento, municipio, zona, direccion_linea1, es_predeterminada) VALUES (20, 'Casa', 'Zacapa', 'Municipio 20', 'Zona 1', 'Avenida 20 Calle 21', true);
INSERT INTO direcciones (id_usuario, alias, departamento, municipio, zona, direccion_linea1, es_predeterminada) VALUES (21, 'Casa', 'Izabal', 'Municipio 21', 'Zona 1', 'Avenida 21 Calle 22', true);
INSERT INTO direcciones (id_usuario, alias, departamento, municipio, zona, direccion_linea1, es_predeterminada) VALUES (22, 'Casa', 'Huehuetenango', 'Municipio 22', 'Zona 1', 'Avenida 22 Calle 23', true);
INSERT INTO direcciones (id_usuario, alias, departamento, municipio, zona, direccion_linea1, es_predeterminada) VALUES (23, 'Casa', 'Jalapa', 'Municipio 23', 'Zona 1', 'Avenida 23 Calle 24', true);
INSERT INTO direcciones (id_usuario, alias, departamento, municipio, zona, direccion_linea1, es_predeterminada) VALUES (24, 'Casa', 'Guatemala', 'Municipio 24', 'Zona 1', 'Avenida 24 Calle 25', true);
INSERT INTO direcciones (id_usuario, alias, departamento, municipio, zona, direccion_linea1, es_predeterminada) VALUES (25, 'Casa', 'Escuintla', 'Municipio 25', 'Zona 1', 'Avenida 25 Calle 26', true);
INSERT INTO direcciones (id_usuario, alias, departamento, municipio, zona, direccion_linea1, es_predeterminada) VALUES (26, 'Casa', 'Guatemala', 'Municipio 26', 'Zona 1', 'Avenida 26 Calle 27', true);
INSERT INTO direcciones (id_usuario, alias, departamento, municipio, zona, direccion_linea1, es_predeterminada) VALUES (27, 'Casa', 'Guatemala', 'Municipio 27', 'Zona 1', 'Avenida 27 Calle 28', true);
INSERT INTO direcciones (id_usuario, alias, departamento, municipio, zona, direccion_linea1, es_predeterminada) VALUES (28, 'Casa', 'Guatemala', 'Municipio 28', 'Zona 1', 'Avenida 28 Calle 29', true);
INSERT INTO direcciones (id_usuario, alias, departamento, municipio, zona, direccion_linea1, es_predeterminada) VALUES (29, 'Casa', 'Guatemala', 'Municipio 29', 'Zona 1', 'Avenida 29 Calle 30', true);
INSERT INTO direcciones (id_usuario, alias, departamento, municipio, zona, direccion_linea1, es_predeterminada) VALUES (30, 'Casa', 'Guatemala', 'Municipio 30', 'Zona 1', 'Avenida 30 Calle 31', true);
INSERT INTO direcciones (id_usuario, alias, departamento, municipio, zona, direccion_linea1, es_predeterminada) VALUES (31, 'Casa', 'Guatemala', 'Municipio 31', 'Zona 1', 'Avenida 31 Calle 32', true);
INSERT INTO direcciones (id_usuario, alias, departamento, municipio, zona, direccion_linea1, es_predeterminada) VALUES (32, 'Casa', 'Guatemala', 'Municipio 32', 'Zona 1', 'Avenida 32 Calle 33', true);
INSERT INTO direcciones (id_usuario, alias, departamento, municipio, zona, direccion_linea1, es_predeterminada) VALUES (33, 'Casa', 'Guatemala', 'Municipio 33', 'Zona 1', 'Avenida 33 Calle 34', true);
INSERT INTO direcciones (id_usuario, alias, departamento, municipio, zona, direccion_linea1, es_predeterminada) VALUES (34, 'Casa', 'Guatemala', 'Municipio 34', 'Zona 1', 'Avenida 34 Calle 35', true);
INSERT INTO direcciones (id_usuario, alias, departamento, municipio, zona, direccion_linea1, es_predeterminada) VALUES (35, 'Casa', 'Guatemala', 'Municipio 35', 'Zona 1', 'Avenida 35 Calle 36', true);
INSERT INTO direcciones (id_usuario, alias, departamento, municipio, zona, direccion_linea1, es_predeterminada) VALUES (36, 'Casa', 'Guatemala', 'Municipio 36', 'Zona 1', 'Avenida 36 Calle 37', true);
INSERT INTO direcciones (id_usuario, alias, departamento, municipio, zona, direccion_linea1, es_predeterminada) VALUES (37, 'Casa', 'Guatemala', 'Municipio 37', 'Zona 1', 'Avenida 37 Calle 38', true);
INSERT INTO direcciones (id_usuario, alias, departamento, municipio, zona, direccion_linea1, es_predeterminada) VALUES (38, 'Casa', 'Guatemala', 'Municipio 38', 'Zona 1', 'Avenida 38 Calle 39', true);
INSERT INTO direcciones (id_usuario, alias, departamento, municipio, zona, direccion_linea1, es_predeterminada) VALUES (39, 'Casa', 'Guatemala', 'Municipio 39', 'Zona 1', 'Avenida 39 Calle 40', true);
INSERT INTO direcciones (id_usuario, alias, departamento, municipio, zona, direccion_linea1, es_predeterminada) VALUES (40, 'Casa', 'Guatemala', 'Municipio 40', 'Zona 1', 'Avenida 40 Calle 41', true);
INSERT INTO direcciones (id_usuario, alias, departamento, municipio, zona, direccion_linea1, es_predeterminada) VALUES (41, 'Casa', 'Guatemala', 'Municipio 41', 'Zona 1', 'Avenida 41 Calle 42', true);
INSERT INTO direcciones (id_usuario, alias, departamento, municipio, zona, direccion_linea1, es_predeterminada) VALUES (42, 'Casa', 'Guatemala', 'Municipio 42', 'Zona 1', 'Avenida 42 Calle 43', true);
INSERT INTO direcciones (id_usuario, alias, departamento, municipio, zona, direccion_linea1, es_predeterminada) VALUES (43, 'Casa', 'Guatemala', 'Municipio 43', 'Zona 1', 'Avenida 43 Calle 44', true);
INSERT INTO direcciones (id_usuario, alias, departamento, municipio, zona, direccion_linea1, es_predeterminada) VALUES (44, 'Casa', 'Guatemala', 'Municipio 44', 'Zona 1', 'Avenida 44 Calle 45', true);
INSERT INTO direcciones (id_usuario, alias, departamento, municipio, zona, direccion_linea1, es_predeterminada) VALUES (45, 'Casa', 'Guatemala', 'Municipio 45', 'Zona 1', 'Avenida 45 Calle 46', true);
INSERT INTO direcciones (id_usuario, alias, departamento, municipio, zona, direccion_linea1, es_predeterminada) VALUES (46, 'Casa', 'Guatemala', 'Municipio 46', 'Zona 1', 'Avenida 46 Calle 47', true);
INSERT INTO direcciones (id_usuario, alias, departamento, municipio, zona, direccion_linea1, es_predeterminada) VALUES (47, 'Casa', 'Guatemala', 'Municipio 47', 'Zona 1', 'Avenida 47 Calle 48', true);
INSERT INTO direcciones (id_usuario, alias, departamento, municipio, zona, direccion_linea1, es_predeterminada) VALUES (48, 'Casa', 'Guatemala', 'Municipio 48', 'Zona 1', 'Avenida 48 Calle 49', true);
INSERT INTO direcciones (id_usuario, alias, departamento, municipio, zona, direccion_linea1, es_predeterminada) VALUES (49, 'Casa', 'Guatemala', 'Municipio 49', 'Zona 1', 'Avenida 49 Calle 50', true);
INSERT INTO direcciones (id_usuario, alias, departamento, municipio, zona, direccion_linea1, es_predeterminada) VALUES (50, 'Casa', 'Guatemala', 'Municipio 50', 'Zona 1', 'Avenida 50 Calle 51', true);
INSERT INTO proveedores (nombre, contacto_nombre, contacto_correo, pais) VALUES ('Intcomex', 'Contacto Intcomex', 'contacto@intcomex.com', 'Guatemala');
INSERT INTO proveedores (nombre, contacto_nombre, contacto_correo, pais) VALUES ('Macrosistemas', 'Contacto Macrosistemas', 'contacto@macrosistemas.com', 'Guatemala');
INSERT INTO proveedores (nombre, contacto_nombre, contacto_correo, pais) VALUES ('Proveedor_Local_3', 'Contacto Proveedor_Local_3', 'contacto@proveedor_local_3.com', 'Guatemala');
INSERT INTO proveedores (nombre, contacto_nombre, contacto_correo, pais) VALUES ('Proveedor_Local_4', 'Contacto Proveedor_Local_4', 'contacto@proveedor_local_4.com', 'Guatemala');
INSERT INTO proveedores (nombre, contacto_nombre, contacto_correo, pais) VALUES ('Proveedor_Local_5', 'Contacto Proveedor_Local_5', 'contacto@proveedor_local_5.com', 'Guatemala');
INSERT INTO proveedores (nombre, contacto_nombre, contacto_correo, pais) VALUES ('Proveedor_Local_6', 'Contacto Proveedor_Local_6', 'contacto@proveedor_local_6.com', 'Guatemala');
INSERT INTO proveedores (nombre, contacto_nombre, contacto_correo, pais) VALUES ('Proveedor_Local_7', 'Contacto Proveedor_Local_7', 'contacto@proveedor_local_7.com', 'Guatemala');
INSERT INTO proveedores (nombre, contacto_nombre, contacto_correo, pais) VALUES ('Proveedor_Local_8', 'Contacto Proveedor_Local_8', 'contacto@proveedor_local_8.com', 'Guatemala');
INSERT INTO proveedores (nombre, contacto_nombre, contacto_correo, pais) VALUES ('Proveedor_Local_9', 'Contacto Proveedor_Local_9', 'contacto@proveedor_local_9.com', 'Guatemala');
INSERT INTO proveedores (nombre, contacto_nombre, contacto_correo, pais) VALUES ('Proveedor_Local_10', 'Contacto Proveedor_Local_10', 'contacto@proveedor_local_10.com', 'Guatemala');
INSERT INTO proveedores (nombre, contacto_nombre, contacto_correo, pais) VALUES ('Proveedor_Local_11', 'Contacto Proveedor_Local_11', 'contacto@proveedor_local_11.com', 'Guatemala');
INSERT INTO proveedores (nombre, contacto_nombre, contacto_correo, pais) VALUES ('Proveedor_Local_12', 'Contacto Proveedor_Local_12', 'contacto@proveedor_local_12.com', 'Guatemala');
INSERT INTO proveedores (nombre, contacto_nombre, contacto_correo, pais) VALUES ('Proveedor_Local_13', 'Contacto Proveedor_Local_13', 'contacto@proveedor_local_13.com', 'Guatemala');
INSERT INTO proveedores (nombre, contacto_nombre, contacto_correo, pais) VALUES ('Proveedor_Local_14', 'Contacto Proveedor_Local_14', 'contacto@proveedor_local_14.com', 'Guatemala');
INSERT INTO proveedores (nombre, contacto_nombre, contacto_correo, pais) VALUES ('Proveedor_Local_15', 'Contacto Proveedor_Local_15', 'contacto@proveedor_local_15.com', 'Guatemala');
INSERT INTO proveedores (nombre, contacto_nombre, contacto_correo, pais) VALUES ('Proveedor_Local_16', 'Contacto Proveedor_Local_16', 'contacto@proveedor_local_16.com', 'Guatemala');
INSERT INTO proveedores (nombre, contacto_nombre, contacto_correo, pais) VALUES ('Proveedor_Local_17', 'Contacto Proveedor_Local_17', 'contacto@proveedor_local_17.com', 'Guatemala');
INSERT INTO proveedores (nombre, contacto_nombre, contacto_correo, pais) VALUES ('Proveedor_Local_18', 'Contacto Proveedor_Local_18', 'contacto@proveedor_local_18.com', 'Guatemala');
INSERT INTO proveedores (nombre, contacto_nombre, contacto_correo, pais) VALUES ('Proveedor_Local_19', 'Contacto Proveedor_Local_19', 'contacto@proveedor_local_19.com', 'Guatemala');
INSERT INTO proveedores (nombre, contacto_nombre, contacto_correo, pais) VALUES ('Proveedor_Local_20', 'Contacto Proveedor_Local_20', 'contacto@proveedor_local_20.com', 'Guatemala');
INSERT INTO proveedores (nombre, contacto_nombre, contacto_correo, pais) VALUES ('Proveedor_Local_21', 'Contacto Proveedor_Local_21', 'contacto@proveedor_local_21.com', 'Guatemala');
INSERT INTO proveedores (nombre, contacto_nombre, contacto_correo, pais) VALUES ('Proveedor_Local_22', 'Contacto Proveedor_Local_22', 'contacto@proveedor_local_22.com', 'Guatemala');
INSERT INTO proveedores (nombre, contacto_nombre, contacto_correo, pais) VALUES ('Proveedor_Local_23', 'Contacto Proveedor_Local_23', 'contacto@proveedor_local_23.com', 'Guatemala');
INSERT INTO proveedores (nombre, contacto_nombre, contacto_correo, pais) VALUES ('Proveedor_Local_24', 'Contacto Proveedor_Local_24', 'contacto@proveedor_local_24.com', 'Guatemala');
INSERT INTO proveedores (nombre, contacto_nombre, contacto_correo, pais) VALUES ('Proveedor_Local_25', 'Contacto Proveedor_Local_25', 'contacto@proveedor_local_25.com', 'Guatemala');
INSERT INTO proveedores (nombre, contacto_nombre, contacto_correo, pais) VALUES ('Proveedor_Local_26', 'Contacto Proveedor_Local_26', 'contacto@proveedor_local_26.com', 'Guatemala');
INSERT INTO proveedores (nombre, contacto_nombre, contacto_correo, pais) VALUES ('Proveedor_Local_27', 'Contacto Proveedor_Local_27', 'contacto@proveedor_local_27.com', 'Guatemala');
INSERT INTO proveedores (nombre, contacto_nombre, contacto_correo, pais) VALUES ('Proveedor_Local_28', 'Contacto Proveedor_Local_28', 'contacto@proveedor_local_28.com', 'Guatemala');
INSERT INTO proveedores (nombre, contacto_nombre, contacto_correo, pais) VALUES ('Proveedor_Local_29', 'Contacto Proveedor_Local_29', 'contacto@proveedor_local_29.com', 'Guatemala');
INSERT INTO proveedores (nombre, contacto_nombre, contacto_correo, pais) VALUES ('Proveedor_Local_30', 'Contacto Proveedor_Local_30', 'contacto@proveedor_local_30.com', 'Guatemala');
INSERT INTO proveedores (nombre, contacto_nombre, contacto_correo, pais) VALUES ('Proveedor_Local_31', 'Contacto Proveedor_Local_31', 'contacto@proveedor_local_31.com', 'Guatemala');
INSERT INTO proveedores (nombre, contacto_nombre, contacto_correo, pais) VALUES ('Proveedor_Local_32', 'Contacto Proveedor_Local_32', 'contacto@proveedor_local_32.com', 'Guatemala');
INSERT INTO proveedores (nombre, contacto_nombre, contacto_correo, pais) VALUES ('Proveedor_Local_33', 'Contacto Proveedor_Local_33', 'contacto@proveedor_local_33.com', 'Guatemala');
INSERT INTO proveedores (nombre, contacto_nombre, contacto_correo, pais) VALUES ('Proveedor_Local_34', 'Contacto Proveedor_Local_34', 'contacto@proveedor_local_34.com', 'Guatemala');
INSERT INTO proveedores (nombre, contacto_nombre, contacto_correo, pais) VALUES ('Proveedor_Local_35', 'Contacto Proveedor_Local_35', 'contacto@proveedor_local_35.com', 'Guatemala');
INSERT INTO proveedores (nombre, contacto_nombre, contacto_correo, pais) VALUES ('Proveedor_Local_36', 'Contacto Proveedor_Local_36', 'contacto@proveedor_local_36.com', 'Guatemala');
INSERT INTO proveedores (nombre, contacto_nombre, contacto_correo, pais) VALUES ('Proveedor_Local_37', 'Contacto Proveedor_Local_37', 'contacto@proveedor_local_37.com', 'Guatemala');
INSERT INTO proveedores (nombre, contacto_nombre, contacto_correo, pais) VALUES ('Proveedor_Local_38', 'Contacto Proveedor_Local_38', 'contacto@proveedor_local_38.com', 'Guatemala');
INSERT INTO proveedores (nombre, contacto_nombre, contacto_correo, pais) VALUES ('Proveedor_Local_39', 'Contacto Proveedor_Local_39', 'contacto@proveedor_local_39.com', 'Guatemala');
INSERT INTO proveedores (nombre, contacto_nombre, contacto_correo, pais) VALUES ('Proveedor_Local_40', 'Contacto Proveedor_Local_40', 'contacto@proveedor_local_40.com', 'Guatemala');
INSERT INTO proveedores (nombre, contacto_nombre, contacto_correo, pais) VALUES ('Proveedor_Local_41', 'Contacto Proveedor_Local_41', 'contacto@proveedor_local_41.com', 'Guatemala');
INSERT INTO proveedores (nombre, contacto_nombre, contacto_correo, pais) VALUES ('Proveedor_Local_42', 'Contacto Proveedor_Local_42', 'contacto@proveedor_local_42.com', 'Guatemala');
INSERT INTO proveedores (nombre, contacto_nombre, contacto_correo, pais) VALUES ('Proveedor_Local_43', 'Contacto Proveedor_Local_43', 'contacto@proveedor_local_43.com', 'Guatemala');
INSERT INTO proveedores (nombre, contacto_nombre, contacto_correo, pais) VALUES ('Proveedor_Local_44', 'Contacto Proveedor_Local_44', 'contacto@proveedor_local_44.com', 'Guatemala');
INSERT INTO proveedores (nombre, contacto_nombre, contacto_correo, pais) VALUES ('Proveedor_Local_45', 'Contacto Proveedor_Local_45', 'contacto@proveedor_local_45.com', 'Guatemala');
INSERT INTO proveedores (nombre, contacto_nombre, contacto_correo, pais) VALUES ('Proveedor_Local_46', 'Contacto Proveedor_Local_46', 'contacto@proveedor_local_46.com', 'Guatemala');
INSERT INTO proveedores (nombre, contacto_nombre, contacto_correo, pais) VALUES ('Proveedor_Local_47', 'Contacto Proveedor_Local_47', 'contacto@proveedor_local_47.com', 'Guatemala');
INSERT INTO proveedores (nombre, contacto_nombre, contacto_correo, pais) VALUES ('Proveedor_Local_48', 'Contacto Proveedor_Local_48', 'contacto@proveedor_local_48.com', 'Guatemala');
INSERT INTO proveedores (nombre, contacto_nombre, contacto_correo, pais) VALUES ('Proveedor_Local_49', 'Contacto Proveedor_Local_49', 'contacto@proveedor_local_49.com', 'Guatemala');
INSERT INTO proveedores (nombre, contacto_nombre, contacto_correo, pais) VALUES ('Proveedor_Local_50', 'Contacto Proveedor_Local_50', 'contacto@proveedor_local_50.com', 'Guatemala');
INSERT INTO categorias (nombre, slug, descripcion) VALUES ('Laptops', 'slug_0', 'Categoria de Laptops');
INSERT INTO categorias (nombre, slug, descripcion) VALUES ('Desktops', 'slug_1', 'Categoria de Desktops');
INSERT INTO categorias (nombre, slug, descripcion) VALUES ('Monitores', 'slug_2', 'Categoria de Monitores');
INSERT INTO categorias (nombre, slug, descripcion) VALUES ('Teclados', 'slug_3', 'Categoria de Teclados');
INSERT INTO categorias (nombre, slug, descripcion) VALUES ('Ratones', 'slug_4', 'Categoria de Ratones');
INSERT INTO categorias (nombre, slug, descripcion) VALUES ('Audifonos', 'slug_5', 'Categoria de Audifonos');
INSERT INTO categorias (nombre, slug, descripcion) VALUES ('Cables', 'slug_6', 'Categoria de Cables');
INSERT INTO categorias (nombre, slug, descripcion) VALUES ('Procesadores', 'slug_7', 'Categoria de Procesadores');
INSERT INTO categorias (nombre, slug, descripcion) VALUES ('Tarjetas Madre', 'slug_8', 'Categoria de Tarjetas Madre');
INSERT INTO categorias (nombre, slug, descripcion) VALUES ('Memorias RAM', 'slug_9', 'Categoria de Memorias RAM');
INSERT INTO categorias (nombre, slug, descripcion) VALUES ('Almacenamiento SSD', 'slug_10', 'Categoria de Almacenamiento SSD');
INSERT INTO categorias (nombre, slug, descripcion) VALUES ('Tarjetas de Video', 'slug_11', 'Categoria de Tarjetas de Video');
INSERT INTO categorias (nombre, slug, descripcion) VALUES ('Fuentes de Poder', 'slug_12', 'Categoria de Fuentes de Poder');
INSERT INTO categorias (nombre, slug, descripcion) VALUES ('Case / Chasis', 'slug_13', 'Categoria de Case / Chasis');
INSERT INTO categorias (nombre, slug, descripcion) VALUES ('Refrigeracion', 'slug_14', 'Categoria de Refrigeracion');
INSERT INTO categorias (nombre, slug, descripcion) VALUES ('Accesorios Moviles', 'slug_15', 'Categoria de Accesorios Moviles');
INSERT INTO categorias (nombre, slug, descripcion) VALUES ('Bocinas', 'slug_16', 'Categoria de Bocinas');
INSERT INTO categorias (nombre, slug, descripcion) VALUES ('Webcams', 'slug_17', 'Categoria de Webcams');
INSERT INTO categorias (nombre, slug, descripcion) VALUES ('Impresoras', 'slug_18', 'Categoria de Impresoras');
INSERT INTO categorias (nombre, slug, descripcion) VALUES ('Cartuchos', 'slug_19', 'Categoria de Cartuchos');
INSERT INTO categorias (nombre, slug, descripcion) VALUES ('Sillas Gamers', 'slug_20', 'Categoria de Sillas Gamers');
INSERT INTO categorias (nombre, slug, descripcion) VALUES ('Escritorios', 'slug_21', 'Categoria de Escritorios');
INSERT INTO categorias (nombre, slug, descripcion) VALUES ('UPS', 'slug_22', 'Categoria de UPS');
INSERT INTO categorias (nombre, slug, descripcion) VALUES ('Routers', 'slug_23', 'Categoria de Routers');
INSERT INTO categorias (nombre, slug, descripcion) VALUES ('Switches', 'slug_24', 'Categoria de Switches');
INSERT INTO categorias (nombre, slug, descripcion) VALUES ('Categoria Extra 26', 'slug_25', 'Categoria de Categoria Extra 26');
INSERT INTO categorias (nombre, slug, descripcion) VALUES ('Categoria Extra 27', 'slug_26', 'Categoria de Categoria Extra 27');
INSERT INTO categorias (nombre, slug, descripcion) VALUES ('Categoria Extra 28', 'slug_27', 'Categoria de Categoria Extra 28');
INSERT INTO categorias (nombre, slug, descripcion) VALUES ('Categoria Extra 29', 'slug_28', 'Categoria de Categoria Extra 29');
INSERT INTO categorias (nombre, slug, descripcion) VALUES ('Categoria Extra 30', 'slug_29', 'Categoria de Categoria Extra 30');
INSERT INTO categorias (nombre, slug, descripcion) VALUES ('Categoria Extra 31', 'slug_30', 'Categoria de Categoria Extra 31');
INSERT INTO categorias (nombre, slug, descripcion) VALUES ('Categoria Extra 32', 'slug_31', 'Categoria de Categoria Extra 32');
INSERT INTO categorias (nombre, slug, descripcion) VALUES ('Categoria Extra 33', 'slug_32', 'Categoria de Categoria Extra 33');
INSERT INTO categorias (nombre, slug, descripcion) VALUES ('Categoria Extra 34', 'slug_33', 'Categoria de Categoria Extra 34');
INSERT INTO categorias (nombre, slug, descripcion) VALUES ('Categoria Extra 35', 'slug_34', 'Categoria de Categoria Extra 35');
INSERT INTO categorias (nombre, slug, descripcion) VALUES ('Categoria Extra 36', 'slug_35', 'Categoria de Categoria Extra 36');
INSERT INTO categorias (nombre, slug, descripcion) VALUES ('Categoria Extra 37', 'slug_36', 'Categoria de Categoria Extra 37');
INSERT INTO categorias (nombre, slug, descripcion) VALUES ('Categoria Extra 38', 'slug_37', 'Categoria de Categoria Extra 38');
INSERT INTO categorias (nombre, slug, descripcion) VALUES ('Categoria Extra 39', 'slug_38', 'Categoria de Categoria Extra 39');
INSERT INTO categorias (nombre, slug, descripcion) VALUES ('Categoria Extra 40', 'slug_39', 'Categoria de Categoria Extra 40');
INSERT INTO categorias (nombre, slug, descripcion) VALUES ('Categoria Extra 41', 'slug_40', 'Categoria de Categoria Extra 41');
INSERT INTO categorias (nombre, slug, descripcion) VALUES ('Categoria Extra 42', 'slug_41', 'Categoria de Categoria Extra 42');
INSERT INTO categorias (nombre, slug, descripcion) VALUES ('Categoria Extra 43', 'slug_42', 'Categoria de Categoria Extra 43');
INSERT INTO categorias (nombre, slug, descripcion) VALUES ('Categoria Extra 44', 'slug_43', 'Categoria de Categoria Extra 44');
INSERT INTO categorias (nombre, slug, descripcion) VALUES ('Categoria Extra 45', 'slug_44', 'Categoria de Categoria Extra 45');
INSERT INTO categorias (nombre, slug, descripcion) VALUES ('Categoria Extra 46', 'slug_45', 'Categoria de Categoria Extra 46');
INSERT INTO categorias (nombre, slug, descripcion) VALUES ('Categoria Extra 47', 'slug_46', 'Categoria de Categoria Extra 47');
INSERT INTO categorias (nombre, slug, descripcion) VALUES ('Categoria Extra 48', 'slug_47', 'Categoria de Categoria Extra 48');
INSERT INTO categorias (nombre, slug, descripcion) VALUES ('Categoria Extra 49', 'slug_48', 'Categoria de Categoria Extra 49');
INSERT INTO categorias (nombre, slug, descripcion) VALUES ('Categoria Extra 50', 'slug_49', 'Categoria de Categoria Extra 50');
INSERT INTO productos (nombre, descripcion, especificaciones, precio_unitario, stock_actual, stock_minimo, stock_maximo, id_categoria, id_proveedor) VALUES ('Laptop Dell Inspiron 15', 'Dell Inspiron 15 3000 Intel Core i5', '{"ram": "8GB", "ssd": "256GB"}', 4500.0, 50, 10, 100, 1, 1);
INSERT INTO productos (nombre, descripcion, especificaciones, precio_unitario, stock_actual, stock_minimo, stock_maximo, id_categoria, id_proveedor) VALUES ('Laptop HP Pavilion x360', 'HP Pavilion 14 táctil i7', '{"ram": "16GB", "ssd": "512GB"}', 6500.0, 51, 10, 100, 1, 2);
INSERT INTO productos (nombre, descripcion, especificaciones, precio_unitario, stock_actual, stock_minimo, stock_maximo, id_categoria, id_proveedor) VALUES ('Monitor Samsung 24', 'Monitor Samsung LF24T35 FHD', '{"pantalla": "24 pulg", "hz": "75"}', 1200.0, 52, 10, 100, 3, 1);
INSERT INTO productos (nombre, descripcion, especificaciones, precio_unitario, stock_actual, stock_minimo, stock_maximo, id_categoria, id_proveedor) VALUES ('Teclado Mecanico Logitech G Pro', 'Teclado TKL RGB Switch Blue', '{"tipo": "mecanico", "switch": "blue"}', 950.0, 53, 10, 100, 4, 2);
INSERT INTO productos (nombre, descripcion, especificaciones, precio_unitario, stock_actual, stock_minimo, stock_maximo, id_categoria, id_proveedor) VALUES ('Mouse Razer DeathAdder', 'Razer DeathAdder V2 20K DPI', '{"dpi": "20000", "sensor": "optico"}', 600.0, 54, 10, 100, 5, 1);
INSERT INTO productos (nombre, descripcion, especificaciones, precio_unitario, stock_actual, stock_minimo, stock_maximo, id_categoria, id_proveedor) VALUES ('Procesador AMD Ryzen 5 5600X', 'AMD Ryzen 5 5600X 6 Nucleos', '{"nucleos": "6", "socket": "AM4"}', 1800.0, 55, 10, 100, 8, 2);
INSERT INTO productos (nombre, descripcion, especificaciones, precio_unitario, stock_actual, stock_minimo, stock_maximo, id_categoria, id_proveedor) VALUES ('Tarjeta Madre ASUS ROG B550', 'ASUS ROG Strix B550-F Gaming', '{"socket": "AM4", "formato": "ATX"}', 1600.0, 56, 10, 100, 9, 1);
INSERT INTO productos (nombre, descripcion, especificaciones, precio_unitario, stock_actual, stock_minimo, stock_maximo, id_categoria, id_proveedor) VALUES ('Memoria RAM Corsair Vengeance 16GB', '2x8GB DDR4 3200MHz', '{"capacidad": "16GB", "velocidad": "3200MHz"}', 700.0, 57, 10, 100, 10, 2);
INSERT INTO productos (nombre, descripcion, especificaciones, precio_unitario, stock_actual, stock_minimo, stock_maximo, id_categoria, id_proveedor) VALUES ('SSD Kingston NV2 1TB', 'SSD M.2 NVMe PCIe 4.0 1TB', '{"capacidad": "1TB", "tipo": "M.2"}', 650.0, 58, 10, 100, 11, 1);
INSERT INTO productos (nombre, descripcion, especificaciones, precio_unitario, stock_actual, stock_minimo, stock_maximo, id_categoria, id_proveedor) VALUES ('Tarjeta de Video RTX 3060', 'NVIDIA GeForce RTX 3060 12GB', '{"vram": "12GB", "marca": "Zotac"}', 3200.0, 59, 10, 100, 12, 2);
INSERT INTO productos (nombre, descripcion, especificaciones, precio_unitario, stock_actual, stock_minimo, stock_maximo, id_categoria, id_proveedor) VALUES ('Fuente de Poder EVGA 600W', 'EVGA 600 W1 80+ White', '{"potencia": "600W", "certificacion": "80+ White"}', 450.0, 60, 10, 100, 13, 1);
INSERT INTO productos (nombre, descripcion, especificaciones, precio_unitario, stock_actual, stock_minimo, stock_maximo, id_categoria, id_proveedor) VALUES ('Case NZXT H510', 'Case Mid Tower NZXT H510 Blanco', '{"formato": "ATX", "color": "Blanco"}', 800.0, 61, 10, 100, 14, 2);
INSERT INTO productos (nombre, descripcion, especificaciones, precio_unitario, stock_actual, stock_minimo, stock_maximo, id_categoria, id_proveedor) VALUES ('Refrigeracion Liquida Corsair H100i', 'Corsair H100i RGB PRO XT', '{"tipo": "AIO", "fans": "2x120mm"}', 1100.0, 62, 10, 100, 15, 1);
INSERT INTO productos (nombre, descripcion, especificaciones, precio_unitario, stock_actual, stock_minimo, stock_maximo, id_categoria, id_proveedor) VALUES ('Audifonos HyperX Cloud II', 'HyperX Cloud II Gaming Headset', '{"tipo": "Over-Ear", "sonido": "7.1"}', 850.0, 63, 10, 100, 6, 2);
INSERT INTO productos (nombre, descripcion, especificaciones, precio_unitario, stock_actual, stock_minimo, stock_maximo, id_categoria, id_proveedor) VALUES ('Cable HDMI 2.1 Belkin', 'Cable HDMI 2.1 Ultra HD 2M', '{"longitud": "2M", "version": "2.1"}', 150.0, 64, 10, 100, 7, 1);
INSERT INTO productos (nombre, descripcion, especificaciones, precio_unitario, stock_actual, stock_minimo, stock_maximo, id_categoria, id_proveedor) VALUES ('Adaptador USB-C a HDMI', 'Adaptador multipuerto USB-C', '{"puertos": "HDMI, USB 3.0"}', 200.0, 65, 10, 100, 16, 2);
INSERT INTO productos (nombre, descripcion, especificaciones, precio_unitario, stock_actual, stock_minimo, stock_maximo, id_categoria, id_proveedor) VALUES ('Bocinas Logitech Z313', 'Sistema de altavoces 2.1', '{"potencia": "25W", "tipo": "2.1"}', 400.0, 66, 10, 100, 17, 1);
INSERT INTO productos (nombre, descripcion, especificaciones, precio_unitario, stock_actual, stock_minimo, stock_maximo, id_categoria, id_proveedor) VALUES ('Webcam Logitech C920', 'Webcam HD Pro C920 1080p', '{"resolucion": "1080p", "fps": "30"}', 650.0, 67, 10, 100, 18, 2);
INSERT INTO productos (nombre, descripcion, especificaciones, precio_unitario, stock_actual, stock_minimo, stock_maximo, id_categoria, id_proveedor) VALUES ('Impresora Epson EcoTank L3210', 'Multifuncional Epson L3210', '{"tipo": "Tinta Continua"}', 1500.0, 68, 10, 100, 19, 1);
INSERT INTO productos (nombre, descripcion, especificaciones, precio_unitario, stock_actual, stock_minimo, stock_maximo, id_categoria, id_proveedor) VALUES ('Silla Gamer Cougar Armor One', 'Silla Cougar Ergonomica', '{"color": "Naranja/Negro", "material": "Cuero PVC"}', 2200.0, 69, 10, 100, 21, 2);
INSERT INTO productos (nombre, descripcion, especificaciones, precio_unitario, stock_actual, stock_minimo, stock_maximo, id_categoria, id_proveedor) VALUES ('Escritorio Gamer Trust', 'Escritorio RGB Trust GXT', '{"medidas": "120x60cm"}', 1800.0, 70, 10, 100, 22, 1);
INSERT INTO productos (nombre, descripcion, especificaciones, precio_unitario, stock_actual, stock_minimo, stock_maximo, id_categoria, id_proveedor) VALUES ('UPS APC 1000VA', 'UPS APC Back-UPS 1000VA', '{"potencia": "1000VA", "tomas": "6"}', 1300.0, 71, 10, 100, 23, 2);
INSERT INTO productos (nombre, descripcion, especificaciones, precio_unitario, stock_actual, stock_minimo, stock_maximo, id_categoria, id_proveedor) VALUES ('Router TP-Link Archer C7', 'Router AC1750 Dual Band', '{"bandas": "2.4GHz / 5GHz"}', 650.0, 72, 10, 100, 24, 1);
INSERT INTO productos (nombre, descripcion, especificaciones, precio_unitario, stock_actual, stock_minimo, stock_maximo, id_categoria, id_proveedor) VALUES ('Switch Mercusys 8 Puertos', 'Switch Desktop 10/100/1000', '{"puertos": "8 Gigabit"}', 180.0, 73, 10, 100, 25, 2);
INSERT INTO productos (nombre, descripcion, especificaciones, precio_unitario, stock_actual, stock_minimo, stock_maximo, id_categoria, id_proveedor) VALUES ('Laptop Apple MacBook Air M1', 'MacBook Air M1 8GB 256GB', '{"procesador": "M1", "ram": "8GB"}', 8500.0, 74, 10, 100, 1, 1);
INSERT INTO productos (nombre, descripcion, especificaciones, precio_unitario, stock_actual, stock_minimo, stock_maximo, id_categoria, id_proveedor) VALUES ('Apple iPad Air 5ta Gen', 'iPad Air 64GB Space Gray', '{"pantalla": "10.9", "chip": "M1"}', 5500.0, 75, 10, 100, 1, 1);
INSERT INTO productos (nombre, descripcion, especificaciones, precio_unitario, stock_actual, stock_minimo, stock_maximo, id_categoria, id_proveedor) VALUES ('Samsung Galaxy Tab S8', 'Galaxy Tab S8 128GB Wi-Fi', '{"pantalla": "11", "ram": "8GB"}', 6000.0, 76, 10, 100, 1, 2);
INSERT INTO productos (nombre, descripcion, especificaciones, precio_unitario, stock_actual, stock_minimo, stock_maximo, id_categoria, id_proveedor) VALUES ('Procesador Intel Core i9-13900K', 'Intel Core i9 13va Gen', '{"nucleos": "24", "socket": "LGA1700"}', 5500.0, 77, 10, 100, 8, 1);
INSERT INTO productos (nombre, descripcion, especificaciones, precio_unitario, stock_actual, stock_minimo, stock_maximo, id_categoria, id_proveedor) VALUES ('Tarjeta Madre Gigabyte Z790', 'Gigabyte Z790 AORUS Elite AX', '{"socket": "LGA1700", "ram": "DDR5"}', 2400.0, 78, 10, 100, 9, 2);
INSERT INTO productos (nombre, descripcion, especificaciones, precio_unitario, stock_actual, stock_minimo, stock_maximo, id_categoria, id_proveedor) VALUES ('Tarjeta de Video RTX 4070', 'NVIDIA GeForce RTX 4070 12GB', '{"vram": "12GB", "arquitectura": "Ada Lovelace"}', 6500.0, 79, 10, 100, 12, 1);
INSERT INTO productos (nombre, descripcion, especificaciones, precio_unitario, stock_actual, stock_minimo, stock_maximo, id_categoria, id_proveedor) VALUES ('Tarjeta de Video RX 7900 XTX', 'AMD Radeon RX 7900 XTX 24GB', '{"vram": "24GB"}', 9500.0, 80, 10, 100, 12, 2);
INSERT INTO productos (nombre, descripcion, especificaciones, precio_unitario, stock_actual, stock_minimo, stock_maximo, id_categoria, id_proveedor) VALUES ('Memoria RAM Kingston Fury Beast DDR5', '2x16GB DDR5 5600MHz', '{"capacidad": "32GB", "tipo": "DDR5"}', 1300.0, 81, 10, 100, 10, 1);
INSERT INTO productos (nombre, descripcion, especificaciones, precio_unitario, stock_actual, stock_minimo, stock_maximo, id_categoria, id_proveedor) VALUES ('SSD Samsung 980 PRO 2TB', 'SSD M.2 NVMe PCIe 4.0 2TB', '{"capacidad": "2TB", "lectura": "7000 MB/s"}', 1800.0, 82, 10, 100, 11, 2);
INSERT INTO productos (nombre, descripcion, especificaciones, precio_unitario, stock_actual, stock_minimo, stock_maximo, id_categoria, id_proveedor) VALUES ('Disco Duro Seagate Barracuda 4TB', 'HDD Interno 3.5 4TB', '{"capacidad": "4TB", "rpm": "5400"}', 900.0, 83, 10, 100, 11, 1);
INSERT INTO productos (nombre, descripcion, especificaciones, precio_unitario, stock_actual, stock_minimo, stock_maximo, id_categoria, id_proveedor) VALUES ('Case Corsair 4000D Airflow', 'Case ATX Corsair Cristal Templado', '{"formato": "ATX", "flujo": "Alto"}', 1050.0, 84, 10, 100, 14, 2);
INSERT INTO productos (nombre, descripcion, especificaciones, precio_unitario, stock_actual, stock_minimo, stock_maximo, id_categoria, id_proveedor) VALUES ('Fuente de Poder Corsair RM850x', 'Fuente 850W 80+ Gold Modular', '{"potencia": "850W", "tipo": "Full Modular"}', 1200.0, 85, 10, 100, 13, 1);
INSERT INTO productos (nombre, descripcion, especificaciones, precio_unitario, stock_actual, stock_minimo, stock_maximo, id_categoria, id_proveedor) VALUES ('Monitor LG UltraGear 27', 'LG 27GL83A-B 27 pulg 144Hz 1440p', '{"resolucion": "1440p", "hz": "144"}', 3200.0, 86, 10, 100, 3, 2);
INSERT INTO productos (nombre, descripcion, especificaciones, precio_unitario, stock_actual, stock_minimo, stock_maximo, id_categoria, id_proveedor) VALUES ('Teclado Mecanico Keychron K2', 'Keychron K2 Inalambrico RGB', '{"tipo": "mecanico", "conexion": "Bluetooth"}', 1100.0, 87, 10, 100, 4, 1);
INSERT INTO productos (nombre, descripcion, especificaciones, precio_unitario, stock_actual, stock_minimo, stock_maximo, id_categoria, id_proveedor) VALUES ('Mouse Logitech MX Master 3S', 'Mouse inalambrico ergonomico', '{"dpi": "8000", "conexion": "Bluetooth"}', 1200.0, 88, 10, 100, 5, 2);
INSERT INTO productos (nombre, descripcion, especificaciones, precio_unitario, stock_actual, stock_minimo, stock_maximo, id_categoria, id_proveedor) VALUES ('Audifonos Sony WH-1000XM5', 'Audifonos con cancelacion de ruido', '{"tipo": "Over-Ear", "conexion": "Bluetooth"}', 3500.0, 89, 10, 100, 6, 1);
INSERT INTO productos (nombre, descripcion, especificaciones, precio_unitario, stock_actual, stock_minimo, stock_maximo, id_categoria, id_proveedor) VALUES ('Microfono Blue Yeti USB', 'Microfono para streaming y podcast', '{"tipo": "Condensador", "conexion": "USB"}', 1250.0, 90, 10, 100, 6, 2);
INSERT INTO productos (nombre, descripcion, especificaciones, precio_unitario, stock_actual, stock_minimo, stock_maximo, id_categoria, id_proveedor) VALUES ('Capturadora Elgato HD60 X', 'Capturadora externa 1080p60', '{"interfaz": "USB 3.0", "resolucion": "1080p60"}', 1800.0, 91, 10, 100, 16, 1);
INSERT INTO productos (nombre, descripcion, especificaciones, precio_unitario, stock_actual, stock_minimo, stock_maximo, id_categoria, id_proveedor) VALUES ('Impresora HP LaserJet Pro', 'Impresora Monocromatica M15w', '{"tipo": "Laser", "color": "B/N"}', 1100.0, 92, 10, 100, 19, 2);
INSERT INTO productos (nombre, descripcion, especificaciones, precio_unitario, stock_actual, stock_minimo, stock_maximo, id_categoria, id_proveedor) VALUES ('Router ASUS RT-AX86U', 'Router WiFi 6 Gaming', '{"wifi": "WiFi 6", "velocidad": "5700 Mbps"}', 2400.0, 93, 10, 100, 24, 1);
INSERT INTO productos (nombre, descripcion, especificaciones, precio_unitario, stock_actual, stock_minimo, stock_maximo, id_categoria, id_proveedor) VALUES ('Silla Gamer DXRacer Formula', 'Silla ergonomica DXRacer', '{"color": "Negro/Rojo", "material": "Tela/Cuero"}', 2800.0, 94, 10, 100, 21, 2);
INSERT INTO productos (nombre, descripcion, especificaciones, precio_unitario, stock_actual, stock_minimo, stock_maximo, id_categoria, id_proveedor) VALUES ('Pasta Termica Thermal Grizzly Kryonaut', 'Pasta termica 1g', '{"conductividad": "12.5 W/mk"}', 150.0, 95, 10, 100, 15, 1);
INSERT INTO productos (nombre, descripcion, especificaciones, precio_unitario, stock_actual, stock_minimo, stock_maximo, id_categoria, id_proveedor) VALUES ('Base Enfriadora Trust GXT', 'Base con 4 ventiladores LED', '{"ventiladores": "4", "tamano": "Hasta 17.3"}', 350.0, 96, 10, 100, 15, 2);
INSERT INTO productos (nombre, descripcion, especificaciones, precio_unitario, stock_actual, stock_minimo, stock_maximo, id_categoria, id_proveedor) VALUES ('Mochila Targus 15.6', 'Mochila para laptop Targus', '{"tamaño": "15.6 pulg", "color": "Negro"}', 400.0, 97, 10, 100, 16, 1);
INSERT INTO productos (nombre, descripcion, especificaciones, precio_unitario, stock_actual, stock_minimo, stock_maximo, id_categoria, id_proveedor) VALUES ('Cable Ethernet Cat 6 5M', 'Cable de red UTP Cat 6', '{"longitud": "5M", "tipo": "Cat 6"}', 80.0, 98, 10, 100, 7, 2);
INSERT INTO productos (nombre, descripcion, especificaciones, precio_unitario, stock_actual, stock_minimo, stock_maximo, id_categoria, id_proveedor) VALUES ('Smartwatch Apple Watch SE', 'Apple Watch SE 2da Gen 40mm', '{"caja": "Aluminio", "tamaño": "40mm"}', 2800.0, 99, 10, 100, 16, 1);
INSERT INTO imagenes_producto (id_producto, url, orden, es_principal) VALUES (1, 'https://ejemplo.com/img1.jpg', 1, true);
INSERT INTO imagenes_producto (id_producto, url, orden, es_principal) VALUES (2, 'https://ejemplo.com/img2.jpg', 1, true);
INSERT INTO imagenes_producto (id_producto, url, orden, es_principal) VALUES (3, 'https://ejemplo.com/img3.jpg', 1, true);
INSERT INTO imagenes_producto (id_producto, url, orden, es_principal) VALUES (4, 'https://ejemplo.com/img4.jpg', 1, true);
INSERT INTO imagenes_producto (id_producto, url, orden, es_principal) VALUES (5, 'https://ejemplo.com/img5.jpg', 1, true);
INSERT INTO imagenes_producto (id_producto, url, orden, es_principal) VALUES (6, 'https://ejemplo.com/img6.jpg', 1, true);
INSERT INTO imagenes_producto (id_producto, url, orden, es_principal) VALUES (7, 'https://ejemplo.com/img7.jpg', 1, true);
INSERT INTO imagenes_producto (id_producto, url, orden, es_principal) VALUES (8, 'https://ejemplo.com/img8.jpg', 1, true);
INSERT INTO imagenes_producto (id_producto, url, orden, es_principal) VALUES (9, 'https://ejemplo.com/img9.jpg', 1, true);
INSERT INTO imagenes_producto (id_producto, url, orden, es_principal) VALUES (10, 'https://ejemplo.com/img10.jpg', 1, true);
INSERT INTO imagenes_producto (id_producto, url, orden, es_principal) VALUES (11, 'https://ejemplo.com/img11.jpg', 1, true);
INSERT INTO imagenes_producto (id_producto, url, orden, es_principal) VALUES (12, 'https://ejemplo.com/img12.jpg', 1, true);
INSERT INTO imagenes_producto (id_producto, url, orden, es_principal) VALUES (13, 'https://ejemplo.com/img13.jpg', 1, true);
INSERT INTO imagenes_producto (id_producto, url, orden, es_principal) VALUES (14, 'https://ejemplo.com/img14.jpg', 1, true);
INSERT INTO imagenes_producto (id_producto, url, orden, es_principal) VALUES (15, 'https://ejemplo.com/img15.jpg', 1, true);
INSERT INTO imagenes_producto (id_producto, url, orden, es_principal) VALUES (16, 'https://ejemplo.com/img16.jpg', 1, true);
INSERT INTO imagenes_producto (id_producto, url, orden, es_principal) VALUES (17, 'https://ejemplo.com/img17.jpg', 1, true);
INSERT INTO imagenes_producto (id_producto, url, orden, es_principal) VALUES (18, 'https://ejemplo.com/img18.jpg', 1, true);
INSERT INTO imagenes_producto (id_producto, url, orden, es_principal) VALUES (19, 'https://ejemplo.com/img19.jpg', 1, true);
INSERT INTO imagenes_producto (id_producto, url, orden, es_principal) VALUES (20, 'https://ejemplo.com/img20.jpg', 1, true);
INSERT INTO imagenes_producto (id_producto, url, orden, es_principal) VALUES (21, 'https://ejemplo.com/img21.jpg', 1, true);
INSERT INTO imagenes_producto (id_producto, url, orden, es_principal) VALUES (22, 'https://ejemplo.com/img22.jpg', 1, true);
INSERT INTO imagenes_producto (id_producto, url, orden, es_principal) VALUES (23, 'https://ejemplo.com/img23.jpg', 1, true);
INSERT INTO imagenes_producto (id_producto, url, orden, es_principal) VALUES (24, 'https://ejemplo.com/img24.jpg', 1, true);
INSERT INTO imagenes_producto (id_producto, url, orden, es_principal) VALUES (25, 'https://ejemplo.com/img25.jpg', 1, true);
INSERT INTO imagenes_producto (id_producto, url, orden, es_principal) VALUES (26, 'https://ejemplo.com/img26.jpg', 1, true);
INSERT INTO imagenes_producto (id_producto, url, orden, es_principal) VALUES (27, 'https://ejemplo.com/img27.jpg', 1, true);
INSERT INTO imagenes_producto (id_producto, url, orden, es_principal) VALUES (28, 'https://ejemplo.com/img28.jpg', 1, true);
INSERT INTO imagenes_producto (id_producto, url, orden, es_principal) VALUES (29, 'https://ejemplo.com/img29.jpg', 1, true);
INSERT INTO imagenes_producto (id_producto, url, orden, es_principal) VALUES (30, 'https://ejemplo.com/img30.jpg', 1, true);
INSERT INTO imagenes_producto (id_producto, url, orden, es_principal) VALUES (31, 'https://ejemplo.com/img31.jpg', 1, true);
INSERT INTO imagenes_producto (id_producto, url, orden, es_principal) VALUES (32, 'https://ejemplo.com/img32.jpg', 1, true);
INSERT INTO imagenes_producto (id_producto, url, orden, es_principal) VALUES (33, 'https://ejemplo.com/img33.jpg', 1, true);
INSERT INTO imagenes_producto (id_producto, url, orden, es_principal) VALUES (34, 'https://ejemplo.com/img34.jpg', 1, true);
INSERT INTO imagenes_producto (id_producto, url, orden, es_principal) VALUES (35, 'https://ejemplo.com/img35.jpg', 1, true);
INSERT INTO imagenes_producto (id_producto, url, orden, es_principal) VALUES (36, 'https://ejemplo.com/img36.jpg', 1, true);
INSERT INTO imagenes_producto (id_producto, url, orden, es_principal) VALUES (37, 'https://ejemplo.com/img37.jpg', 1, true);
INSERT INTO imagenes_producto (id_producto, url, orden, es_principal) VALUES (38, 'https://ejemplo.com/img38.jpg', 1, true);
INSERT INTO imagenes_producto (id_producto, url, orden, es_principal) VALUES (39, 'https://ejemplo.com/img39.jpg', 1, true);
INSERT INTO imagenes_producto (id_producto, url, orden, es_principal) VALUES (40, 'https://ejemplo.com/img40.jpg', 1, true);
INSERT INTO imagenes_producto (id_producto, url, orden, es_principal) VALUES (41, 'https://ejemplo.com/img41.jpg', 1, true);
INSERT INTO imagenes_producto (id_producto, url, orden, es_principal) VALUES (42, 'https://ejemplo.com/img42.jpg', 1, true);
INSERT INTO imagenes_producto (id_producto, url, orden, es_principal) VALUES (43, 'https://ejemplo.com/img43.jpg', 1, true);
INSERT INTO imagenes_producto (id_producto, url, orden, es_principal) VALUES (44, 'https://ejemplo.com/img44.jpg', 1, true);
INSERT INTO imagenes_producto (id_producto, url, orden, es_principal) VALUES (45, 'https://ejemplo.com/img45.jpg', 1, true);
INSERT INTO imagenes_producto (id_producto, url, orden, es_principal) VALUES (46, 'https://ejemplo.com/img46.jpg', 1, true);
INSERT INTO imagenes_producto (id_producto, url, orden, es_principal) VALUES (47, 'https://ejemplo.com/img47.jpg', 1, true);
INSERT INTO imagenes_producto (id_producto, url, orden, es_principal) VALUES (48, 'https://ejemplo.com/img48.jpg', 1, true);
INSERT INTO imagenes_producto (id_producto, url, orden, es_principal) VALUES (49, 'https://ejemplo.com/img49.jpg', 1, true);
INSERT INTO imagenes_producto (id_producto, url, orden, es_principal) VALUES (50, 'https://ejemplo.com/img50.jpg', 1, true);
INSERT INTO metodos_envio (nombre, costo, dias_minimo, dias_maximo, descripcion) VALUES ('Forza', 35.0, 3, 5, 'Desc Forza');
INSERT INTO metodos_envio (nombre, costo, dias_minimo, dias_maximo, descripcion) VALUES ('Cargo Expreso', 32.0, 2, 5, 'Desc Cargo Expreso');
INSERT INTO metodos_envio (nombre, costo, dias_minimo, dias_maximo, descripcion) VALUES ('Guatex', 35.0, 4, 6, 'Desc Guatex');
INSERT INTO metodos_envio (nombre, costo, dias_minimo, dias_maximo, descripcion) VALUES ('Retiro en tienda', 0.0, 0, 0, 'Desc Retiro en tienda');
INSERT INTO metodos_envio (nombre, costo, dias_minimo, dias_maximo, descripcion) VALUES ('Envio_Dummy_5', 20.0, 1, 2, 'Desc Envio_Dummy_5');
INSERT INTO metodos_envio (nombre, costo, dias_minimo, dias_maximo, descripcion) VALUES ('Envio_Dummy_6', 20.0, 1, 2, 'Desc Envio_Dummy_6');
INSERT INTO metodos_envio (nombre, costo, dias_minimo, dias_maximo, descripcion) VALUES ('Envio_Dummy_7', 20.0, 1, 2, 'Desc Envio_Dummy_7');
INSERT INTO metodos_envio (nombre, costo, dias_minimo, dias_maximo, descripcion) VALUES ('Envio_Dummy_8', 20.0, 1, 2, 'Desc Envio_Dummy_8');
INSERT INTO metodos_envio (nombre, costo, dias_minimo, dias_maximo, descripcion) VALUES ('Envio_Dummy_9', 20.0, 1, 2, 'Desc Envio_Dummy_9');
INSERT INTO metodos_envio (nombre, costo, dias_minimo, dias_maximo, descripcion) VALUES ('Envio_Dummy_10', 20.0, 1, 2, 'Desc Envio_Dummy_10');
INSERT INTO metodos_envio (nombre, costo, dias_minimo, dias_maximo, descripcion) VALUES ('Envio_Dummy_11', 20.0, 1, 2, 'Desc Envio_Dummy_11');
INSERT INTO metodos_envio (nombre, costo, dias_minimo, dias_maximo, descripcion) VALUES ('Envio_Dummy_12', 20.0, 1, 2, 'Desc Envio_Dummy_12');
INSERT INTO metodos_envio (nombre, costo, dias_minimo, dias_maximo, descripcion) VALUES ('Envio_Dummy_13', 20.0, 1, 2, 'Desc Envio_Dummy_13');
INSERT INTO metodos_envio (nombre, costo, dias_minimo, dias_maximo, descripcion) VALUES ('Envio_Dummy_14', 20.0, 1, 2, 'Desc Envio_Dummy_14');
INSERT INTO metodos_envio (nombre, costo, dias_minimo, dias_maximo, descripcion) VALUES ('Envio_Dummy_15', 20.0, 1, 2, 'Desc Envio_Dummy_15');
INSERT INTO metodos_envio (nombre, costo, dias_minimo, dias_maximo, descripcion) VALUES ('Envio_Dummy_16', 20.0, 1, 2, 'Desc Envio_Dummy_16');
INSERT INTO metodos_envio (nombre, costo, dias_minimo, dias_maximo, descripcion) VALUES ('Envio_Dummy_17', 20.0, 1, 2, 'Desc Envio_Dummy_17');
INSERT INTO metodos_envio (nombre, costo, dias_minimo, dias_maximo, descripcion) VALUES ('Envio_Dummy_18', 20.0, 1, 2, 'Desc Envio_Dummy_18');
INSERT INTO metodos_envio (nombre, costo, dias_minimo, dias_maximo, descripcion) VALUES ('Envio_Dummy_19', 20.0, 1, 2, 'Desc Envio_Dummy_19');
INSERT INTO metodos_envio (nombre, costo, dias_minimo, dias_maximo, descripcion) VALUES ('Envio_Dummy_20', 20.0, 1, 2, 'Desc Envio_Dummy_20');
INSERT INTO metodos_envio (nombre, costo, dias_minimo, dias_maximo, descripcion) VALUES ('Envio_Dummy_21', 20.0, 1, 2, 'Desc Envio_Dummy_21');
INSERT INTO metodos_envio (nombre, costo, dias_minimo, dias_maximo, descripcion) VALUES ('Envio_Dummy_22', 20.0, 1, 2, 'Desc Envio_Dummy_22');
INSERT INTO metodos_envio (nombre, costo, dias_minimo, dias_maximo, descripcion) VALUES ('Envio_Dummy_23', 20.0, 1, 2, 'Desc Envio_Dummy_23');
INSERT INTO metodos_envio (nombre, costo, dias_minimo, dias_maximo, descripcion) VALUES ('Envio_Dummy_24', 20.0, 1, 2, 'Desc Envio_Dummy_24');
INSERT INTO metodos_envio (nombre, costo, dias_minimo, dias_maximo, descripcion) VALUES ('Envio_Dummy_25', 20.0, 1, 2, 'Desc Envio_Dummy_25');
INSERT INTO metodos_envio (nombre, costo, dias_minimo, dias_maximo, descripcion) VALUES ('Envio_Dummy_26', 20.0, 1, 2, 'Desc Envio_Dummy_26');
INSERT INTO metodos_envio (nombre, costo, dias_minimo, dias_maximo, descripcion) VALUES ('Envio_Dummy_27', 20.0, 1, 2, 'Desc Envio_Dummy_27');
INSERT INTO metodos_envio (nombre, costo, dias_minimo, dias_maximo, descripcion) VALUES ('Envio_Dummy_28', 20.0, 1, 2, 'Desc Envio_Dummy_28');
INSERT INTO metodos_envio (nombre, costo, dias_minimo, dias_maximo, descripcion) VALUES ('Envio_Dummy_29', 20.0, 1, 2, 'Desc Envio_Dummy_29');
INSERT INTO metodos_envio (nombre, costo, dias_minimo, dias_maximo, descripcion) VALUES ('Envio_Dummy_30', 20.0, 1, 2, 'Desc Envio_Dummy_30');
INSERT INTO metodos_envio (nombre, costo, dias_minimo, dias_maximo, descripcion) VALUES ('Envio_Dummy_31', 20.0, 1, 2, 'Desc Envio_Dummy_31');
INSERT INTO metodos_envio (nombre, costo, dias_minimo, dias_maximo, descripcion) VALUES ('Envio_Dummy_32', 20.0, 1, 2, 'Desc Envio_Dummy_32');
INSERT INTO metodos_envio (nombre, costo, dias_minimo, dias_maximo, descripcion) VALUES ('Envio_Dummy_33', 20.0, 1, 2, 'Desc Envio_Dummy_33');
INSERT INTO metodos_envio (nombre, costo, dias_minimo, dias_maximo, descripcion) VALUES ('Envio_Dummy_34', 20.0, 1, 2, 'Desc Envio_Dummy_34');
INSERT INTO metodos_envio (nombre, costo, dias_minimo, dias_maximo, descripcion) VALUES ('Envio_Dummy_35', 20.0, 1, 2, 'Desc Envio_Dummy_35');
INSERT INTO metodos_envio (nombre, costo, dias_minimo, dias_maximo, descripcion) VALUES ('Envio_Dummy_36', 20.0, 1, 2, 'Desc Envio_Dummy_36');
INSERT INTO metodos_envio (nombre, costo, dias_minimo, dias_maximo, descripcion) VALUES ('Envio_Dummy_37', 20.0, 1, 2, 'Desc Envio_Dummy_37');
INSERT INTO metodos_envio (nombre, costo, dias_minimo, dias_maximo, descripcion) VALUES ('Envio_Dummy_38', 20.0, 1, 2, 'Desc Envio_Dummy_38');
INSERT INTO metodos_envio (nombre, costo, dias_minimo, dias_maximo, descripcion) VALUES ('Envio_Dummy_39', 20.0, 1, 2, 'Desc Envio_Dummy_39');
INSERT INTO metodos_envio (nombre, costo, dias_minimo, dias_maximo, descripcion) VALUES ('Envio_Dummy_40', 20.0, 1, 2, 'Desc Envio_Dummy_40');
INSERT INTO metodos_envio (nombre, costo, dias_minimo, dias_maximo, descripcion) VALUES ('Envio_Dummy_41', 20.0, 1, 2, 'Desc Envio_Dummy_41');
INSERT INTO metodos_envio (nombre, costo, dias_minimo, dias_maximo, descripcion) VALUES ('Envio_Dummy_42', 20.0, 1, 2, 'Desc Envio_Dummy_42');
INSERT INTO metodos_envio (nombre, costo, dias_minimo, dias_maximo, descripcion) VALUES ('Envio_Dummy_43', 20.0, 1, 2, 'Desc Envio_Dummy_43');
INSERT INTO metodos_envio (nombre, costo, dias_minimo, dias_maximo, descripcion) VALUES ('Envio_Dummy_44', 20.0, 1, 2, 'Desc Envio_Dummy_44');
INSERT INTO metodos_envio (nombre, costo, dias_minimo, dias_maximo, descripcion) VALUES ('Envio_Dummy_45', 20.0, 1, 2, 'Desc Envio_Dummy_45');
INSERT INTO metodos_envio (nombre, costo, dias_minimo, dias_maximo, descripcion) VALUES ('Envio_Dummy_46', 20.0, 1, 2, 'Desc Envio_Dummy_46');
INSERT INTO metodos_envio (nombre, costo, dias_minimo, dias_maximo, descripcion) VALUES ('Envio_Dummy_47', 20.0, 1, 2, 'Desc Envio_Dummy_47');
INSERT INTO metodos_envio (nombre, costo, dias_minimo, dias_maximo, descripcion) VALUES ('Envio_Dummy_48', 20.0, 1, 2, 'Desc Envio_Dummy_48');
INSERT INTO metodos_envio (nombre, costo, dias_minimo, dias_maximo, descripcion) VALUES ('Envio_Dummy_49', 20.0, 1, 2, 'Desc Envio_Dummy_49');
INSERT INTO metodos_envio (nombre, costo, dias_minimo, dias_maximo, descripcion) VALUES ('Envio_Dummy_50', 20.0, 1, 2, 'Desc Envio_Dummy_50');
INSERT INTO metodos_pago (nombre, tipo, descripcion) VALUES ('PayPal / Tarjeta', 'paypal', 'Desc PayPal / Tarjeta');
INSERT INTO metodos_pago (nombre, tipo, descripcion) VALUES ('Transferencia Bancaria', 'transferencia', 'Desc Transferencia Bancaria');
INSERT INTO metodos_pago (nombre, tipo, descripcion) VALUES ('Pago Contra Entrega', 'contra_entrega', 'Desc Pago Contra Entrega');
INSERT INTO metodos_pago (nombre, tipo, descripcion) VALUES ('Pago_Dummy_4', 'otro', 'Desc Pago_Dummy_4');
INSERT INTO metodos_pago (nombre, tipo, descripcion) VALUES ('Pago_Dummy_5', 'otro', 'Desc Pago_Dummy_5');
INSERT INTO metodos_pago (nombre, tipo, descripcion) VALUES ('Pago_Dummy_6', 'otro', 'Desc Pago_Dummy_6');
INSERT INTO metodos_pago (nombre, tipo, descripcion) VALUES ('Pago_Dummy_7', 'otro', 'Desc Pago_Dummy_7');
INSERT INTO metodos_pago (nombre, tipo, descripcion) VALUES ('Pago_Dummy_8', 'otro', 'Desc Pago_Dummy_8');
INSERT INTO metodos_pago (nombre, tipo, descripcion) VALUES ('Pago_Dummy_9', 'otro', 'Desc Pago_Dummy_9');
INSERT INTO metodos_pago (nombre, tipo, descripcion) VALUES ('Pago_Dummy_10', 'otro', 'Desc Pago_Dummy_10');
INSERT INTO metodos_pago (nombre, tipo, descripcion) VALUES ('Pago_Dummy_11', 'otro', 'Desc Pago_Dummy_11');
INSERT INTO metodos_pago (nombre, tipo, descripcion) VALUES ('Pago_Dummy_12', 'otro', 'Desc Pago_Dummy_12');
INSERT INTO metodos_pago (nombre, tipo, descripcion) VALUES ('Pago_Dummy_13', 'otro', 'Desc Pago_Dummy_13');
INSERT INTO metodos_pago (nombre, tipo, descripcion) VALUES ('Pago_Dummy_14', 'otro', 'Desc Pago_Dummy_14');
INSERT INTO metodos_pago (nombre, tipo, descripcion) VALUES ('Pago_Dummy_15', 'otro', 'Desc Pago_Dummy_15');
INSERT INTO metodos_pago (nombre, tipo, descripcion) VALUES ('Pago_Dummy_16', 'otro', 'Desc Pago_Dummy_16');
INSERT INTO metodos_pago (nombre, tipo, descripcion) VALUES ('Pago_Dummy_17', 'otro', 'Desc Pago_Dummy_17');
INSERT INTO metodos_pago (nombre, tipo, descripcion) VALUES ('Pago_Dummy_18', 'otro', 'Desc Pago_Dummy_18');
INSERT INTO metodos_pago (nombre, tipo, descripcion) VALUES ('Pago_Dummy_19', 'otro', 'Desc Pago_Dummy_19');
INSERT INTO metodos_pago (nombre, tipo, descripcion) VALUES ('Pago_Dummy_20', 'otro', 'Desc Pago_Dummy_20');
INSERT INTO metodos_pago (nombre, tipo, descripcion) VALUES ('Pago_Dummy_21', 'otro', 'Desc Pago_Dummy_21');
INSERT INTO metodos_pago (nombre, tipo, descripcion) VALUES ('Pago_Dummy_22', 'otro', 'Desc Pago_Dummy_22');
INSERT INTO metodos_pago (nombre, tipo, descripcion) VALUES ('Pago_Dummy_23', 'otro', 'Desc Pago_Dummy_23');
INSERT INTO metodos_pago (nombre, tipo, descripcion) VALUES ('Pago_Dummy_24', 'otro', 'Desc Pago_Dummy_24');
INSERT INTO metodos_pago (nombre, tipo, descripcion) VALUES ('Pago_Dummy_25', 'otro', 'Desc Pago_Dummy_25');
INSERT INTO metodos_pago (nombre, tipo, descripcion) VALUES ('Pago_Dummy_26', 'otro', 'Desc Pago_Dummy_26');
INSERT INTO metodos_pago (nombre, tipo, descripcion) VALUES ('Pago_Dummy_27', 'otro', 'Desc Pago_Dummy_27');
INSERT INTO metodos_pago (nombre, tipo, descripcion) VALUES ('Pago_Dummy_28', 'otro', 'Desc Pago_Dummy_28');
INSERT INTO metodos_pago (nombre, tipo, descripcion) VALUES ('Pago_Dummy_29', 'otro', 'Desc Pago_Dummy_29');
INSERT INTO metodos_pago (nombre, tipo, descripcion) VALUES ('Pago_Dummy_30', 'otro', 'Desc Pago_Dummy_30');
INSERT INTO metodos_pago (nombre, tipo, descripcion) VALUES ('Pago_Dummy_31', 'otro', 'Desc Pago_Dummy_31');
INSERT INTO metodos_pago (nombre, tipo, descripcion) VALUES ('Pago_Dummy_32', 'otro', 'Desc Pago_Dummy_32');
INSERT INTO metodos_pago (nombre, tipo, descripcion) VALUES ('Pago_Dummy_33', 'otro', 'Desc Pago_Dummy_33');
INSERT INTO metodos_pago (nombre, tipo, descripcion) VALUES ('Pago_Dummy_34', 'otro', 'Desc Pago_Dummy_34');
INSERT INTO metodos_pago (nombre, tipo, descripcion) VALUES ('Pago_Dummy_35', 'otro', 'Desc Pago_Dummy_35');
INSERT INTO metodos_pago (nombre, tipo, descripcion) VALUES ('Pago_Dummy_36', 'otro', 'Desc Pago_Dummy_36');
INSERT INTO metodos_pago (nombre, tipo, descripcion) VALUES ('Pago_Dummy_37', 'otro', 'Desc Pago_Dummy_37');
INSERT INTO metodos_pago (nombre, tipo, descripcion) VALUES ('Pago_Dummy_38', 'otro', 'Desc Pago_Dummy_38');
INSERT INTO metodos_pago (nombre, tipo, descripcion) VALUES ('Pago_Dummy_39', 'otro', 'Desc Pago_Dummy_39');
INSERT INTO metodos_pago (nombre, tipo, descripcion) VALUES ('Pago_Dummy_40', 'otro', 'Desc Pago_Dummy_40');
INSERT INTO metodos_pago (nombre, tipo, descripcion) VALUES ('Pago_Dummy_41', 'otro', 'Desc Pago_Dummy_41');
INSERT INTO metodos_pago (nombre, tipo, descripcion) VALUES ('Pago_Dummy_42', 'otro', 'Desc Pago_Dummy_42');
INSERT INTO metodos_pago (nombre, tipo, descripcion) VALUES ('Pago_Dummy_43', 'otro', 'Desc Pago_Dummy_43');
INSERT INTO metodos_pago (nombre, tipo, descripcion) VALUES ('Pago_Dummy_44', 'otro', 'Desc Pago_Dummy_44');
INSERT INTO metodos_pago (nombre, tipo, descripcion) VALUES ('Pago_Dummy_45', 'otro', 'Desc Pago_Dummy_45');
INSERT INTO metodos_pago (nombre, tipo, descripcion) VALUES ('Pago_Dummy_46', 'otro', 'Desc Pago_Dummy_46');
INSERT INTO metodos_pago (nombre, tipo, descripcion) VALUES ('Pago_Dummy_47', 'otro', 'Desc Pago_Dummy_47');
INSERT INTO metodos_pago (nombre, tipo, descripcion) VALUES ('Pago_Dummy_48', 'otro', 'Desc Pago_Dummy_48');
INSERT INTO metodos_pago (nombre, tipo, descripcion) VALUES ('Pago_Dummy_49', 'otro', 'Desc Pago_Dummy_49');
INSERT INTO metodos_pago (nombre, tipo, descripcion) VALUES ('Pago_Dummy_50', 'otro', 'Desc Pago_Dummy_50');
INSERT INTO carritos (id_usuario) VALUES (1);
INSERT INTO carritos (id_usuario) VALUES (2);
INSERT INTO carritos (id_usuario) VALUES (3);
INSERT INTO carritos (id_usuario) VALUES (4);
INSERT INTO carritos (id_usuario) VALUES (5);
INSERT INTO carritos (id_usuario) VALUES (6);
INSERT INTO carritos (id_usuario) VALUES (7);
INSERT INTO carritos (id_usuario) VALUES (8);
INSERT INTO carritos (id_usuario) VALUES (9);
INSERT INTO carritos (id_usuario) VALUES (10);
INSERT INTO carritos (id_usuario) VALUES (11);
INSERT INTO carritos (id_usuario) VALUES (12);
INSERT INTO carritos (id_usuario) VALUES (13);
INSERT INTO carritos (id_usuario) VALUES (14);
INSERT INTO carritos (id_usuario) VALUES (15);
INSERT INTO carritos (id_usuario) VALUES (16);
INSERT INTO carritos (id_usuario) VALUES (17);
INSERT INTO carritos (id_usuario) VALUES (18);
INSERT INTO carritos (id_usuario) VALUES (19);
INSERT INTO carritos (id_usuario) VALUES (20);
INSERT INTO carritos (id_usuario) VALUES (21);
INSERT INTO carritos (id_usuario) VALUES (22);
INSERT INTO carritos (id_usuario) VALUES (23);
INSERT INTO carritos (id_usuario) VALUES (24);
INSERT INTO carritos (id_usuario) VALUES (25);
INSERT INTO carritos (id_usuario) VALUES (26);
INSERT INTO carritos (id_usuario) VALUES (27);
INSERT INTO carritos (id_usuario) VALUES (28);
INSERT INTO carritos (id_usuario) VALUES (29);
INSERT INTO carritos (id_usuario) VALUES (30);
INSERT INTO carritos (id_usuario) VALUES (31);
INSERT INTO carritos (id_usuario) VALUES (32);
INSERT INTO carritos (id_usuario) VALUES (33);
INSERT INTO carritos (id_usuario) VALUES (34);
INSERT INTO carritos (id_usuario) VALUES (35);
INSERT INTO carritos (id_usuario) VALUES (36);
INSERT INTO carritos (id_usuario) VALUES (37);
INSERT INTO carritos (id_usuario) VALUES (38);
INSERT INTO carritos (id_usuario) VALUES (39);
INSERT INTO carritos (id_usuario) VALUES (40);
INSERT INTO carritos (id_usuario) VALUES (41);
INSERT INTO carritos (id_usuario) VALUES (42);
INSERT INTO carritos (id_usuario) VALUES (43);
INSERT INTO carritos (id_usuario) VALUES (44);
INSERT INTO carritos (id_usuario) VALUES (45);
INSERT INTO carritos (id_usuario) VALUES (46);
INSERT INTO carritos (id_usuario) VALUES (47);
INSERT INTO carritos (id_usuario) VALUES (48);
INSERT INTO carritos (id_usuario) VALUES (49);
INSERT INTO carritos (id_usuario) VALUES (50);
INSERT INTO carrito_items (id_carrito, id_producto, cantidad, precio_unitario_snapshot) VALUES (1, 1, 1, 500.00);
INSERT INTO carrito_items (id_carrito, id_producto, cantidad, precio_unitario_snapshot) VALUES (2, 2, 1, 500.00);
INSERT INTO carrito_items (id_carrito, id_producto, cantidad, precio_unitario_snapshot) VALUES (3, 3, 1, 500.00);
INSERT INTO carrito_items (id_carrito, id_producto, cantidad, precio_unitario_snapshot) VALUES (4, 4, 1, 500.00);
INSERT INTO carrito_items (id_carrito, id_producto, cantidad, precio_unitario_snapshot) VALUES (5, 5, 1, 500.00);
INSERT INTO carrito_items (id_carrito, id_producto, cantidad, precio_unitario_snapshot) VALUES (6, 6, 1, 500.00);
INSERT INTO carrito_items (id_carrito, id_producto, cantidad, precio_unitario_snapshot) VALUES (7, 7, 1, 500.00);
INSERT INTO carrito_items (id_carrito, id_producto, cantidad, precio_unitario_snapshot) VALUES (8, 8, 1, 500.00);
INSERT INTO carrito_items (id_carrito, id_producto, cantidad, precio_unitario_snapshot) VALUES (9, 9, 1, 500.00);
INSERT INTO carrito_items (id_carrito, id_producto, cantidad, precio_unitario_snapshot) VALUES (10, 10, 1, 500.00);
INSERT INTO carrito_items (id_carrito, id_producto, cantidad, precio_unitario_snapshot) VALUES (11, 11, 1, 500.00);
INSERT INTO carrito_items (id_carrito, id_producto, cantidad, precio_unitario_snapshot) VALUES (12, 12, 1, 500.00);
INSERT INTO carrito_items (id_carrito, id_producto, cantidad, precio_unitario_snapshot) VALUES (13, 13, 1, 500.00);
INSERT INTO carrito_items (id_carrito, id_producto, cantidad, precio_unitario_snapshot) VALUES (14, 14, 1, 500.00);
INSERT INTO carrito_items (id_carrito, id_producto, cantidad, precio_unitario_snapshot) VALUES (15, 15, 1, 500.00);
INSERT INTO carrito_items (id_carrito, id_producto, cantidad, precio_unitario_snapshot) VALUES (16, 16, 1, 500.00);
INSERT INTO carrito_items (id_carrito, id_producto, cantidad, precio_unitario_snapshot) VALUES (17, 17, 1, 500.00);
INSERT INTO carrito_items (id_carrito, id_producto, cantidad, precio_unitario_snapshot) VALUES (18, 18, 1, 500.00);
INSERT INTO carrito_items (id_carrito, id_producto, cantidad, precio_unitario_snapshot) VALUES (19, 19, 1, 500.00);
INSERT INTO carrito_items (id_carrito, id_producto, cantidad, precio_unitario_snapshot) VALUES (20, 20, 1, 500.00);
INSERT INTO carrito_items (id_carrito, id_producto, cantidad, precio_unitario_snapshot) VALUES (21, 21, 1, 500.00);
INSERT INTO carrito_items (id_carrito, id_producto, cantidad, precio_unitario_snapshot) VALUES (22, 22, 1, 500.00);
INSERT INTO carrito_items (id_carrito, id_producto, cantidad, precio_unitario_snapshot) VALUES (23, 23, 1, 500.00);
INSERT INTO carrito_items (id_carrito, id_producto, cantidad, precio_unitario_snapshot) VALUES (24, 24, 1, 500.00);
INSERT INTO carrito_items (id_carrito, id_producto, cantidad, precio_unitario_snapshot) VALUES (25, 25, 1, 500.00);
INSERT INTO carrito_items (id_carrito, id_producto, cantidad, precio_unitario_snapshot) VALUES (26, 26, 1, 500.00);
INSERT INTO carrito_items (id_carrito, id_producto, cantidad, precio_unitario_snapshot) VALUES (27, 27, 1, 500.00);
INSERT INTO carrito_items (id_carrito, id_producto, cantidad, precio_unitario_snapshot) VALUES (28, 28, 1, 500.00);
INSERT INTO carrito_items (id_carrito, id_producto, cantidad, precio_unitario_snapshot) VALUES (29, 29, 1, 500.00);
INSERT INTO carrito_items (id_carrito, id_producto, cantidad, precio_unitario_snapshot) VALUES (30, 30, 1, 500.00);
INSERT INTO carrito_items (id_carrito, id_producto, cantidad, precio_unitario_snapshot) VALUES (31, 31, 1, 500.00);
INSERT INTO carrito_items (id_carrito, id_producto, cantidad, precio_unitario_snapshot) VALUES (32, 32, 1, 500.00);
INSERT INTO carrito_items (id_carrito, id_producto, cantidad, precio_unitario_snapshot) VALUES (33, 33, 1, 500.00);
INSERT INTO carrito_items (id_carrito, id_producto, cantidad, precio_unitario_snapshot) VALUES (34, 34, 1, 500.00);
INSERT INTO carrito_items (id_carrito, id_producto, cantidad, precio_unitario_snapshot) VALUES (35, 35, 1, 500.00);
INSERT INTO carrito_items (id_carrito, id_producto, cantidad, precio_unitario_snapshot) VALUES (36, 36, 1, 500.00);
INSERT INTO carrito_items (id_carrito, id_producto, cantidad, precio_unitario_snapshot) VALUES (37, 37, 1, 500.00);
INSERT INTO carrito_items (id_carrito, id_producto, cantidad, precio_unitario_snapshot) VALUES (38, 38, 1, 500.00);
INSERT INTO carrito_items (id_carrito, id_producto, cantidad, precio_unitario_snapshot) VALUES (39, 39, 1, 500.00);
INSERT INTO carrito_items (id_carrito, id_producto, cantidad, precio_unitario_snapshot) VALUES (40, 40, 1, 500.00);
INSERT INTO carrito_items (id_carrito, id_producto, cantidad, precio_unitario_snapshot) VALUES (41, 41, 1, 500.00);
INSERT INTO carrito_items (id_carrito, id_producto, cantidad, precio_unitario_snapshot) VALUES (42, 42, 1, 500.00);
INSERT INTO carrito_items (id_carrito, id_producto, cantidad, precio_unitario_snapshot) VALUES (43, 43, 1, 500.00);
INSERT INTO carrito_items (id_carrito, id_producto, cantidad, precio_unitario_snapshot) VALUES (44, 44, 1, 500.00);
INSERT INTO carrito_items (id_carrito, id_producto, cantidad, precio_unitario_snapshot) VALUES (45, 45, 1, 500.00);
INSERT INTO carrito_items (id_carrito, id_producto, cantidad, precio_unitario_snapshot) VALUES (46, 46, 1, 500.00);
INSERT INTO carrito_items (id_carrito, id_producto, cantidad, precio_unitario_snapshot) VALUES (47, 47, 1, 500.00);
INSERT INTO carrito_items (id_carrito, id_producto, cantidad, precio_unitario_snapshot) VALUES (48, 48, 1, 500.00);
INSERT INTO carrito_items (id_carrito, id_producto, cantidad, precio_unitario_snapshot) VALUES (49, 49, 1, 500.00);
INSERT INTO carrito_items (id_carrito, id_producto, cantidad, precio_unitario_snapshot) VALUES (50, 50, 1, 500.00);
INSERT INTO cotizaciones (id_usuario, total, estado) VALUES (1, 1000.00, 'procesada');
INSERT INTO cotizaciones (id_usuario, total, estado) VALUES (2, 1000.00, 'procesada');
INSERT INTO cotizaciones (id_usuario, total, estado) VALUES (3, 1000.00, 'procesada');
INSERT INTO cotizaciones (id_usuario, total, estado) VALUES (4, 1000.00, 'procesada');
INSERT INTO cotizaciones (id_usuario, total, estado) VALUES (5, 1000.00, 'procesada');
INSERT INTO cotizaciones (id_usuario, total, estado) VALUES (6, 1000.00, 'procesada');
INSERT INTO cotizaciones (id_usuario, total, estado) VALUES (7, 1000.00, 'procesada');
INSERT INTO cotizaciones (id_usuario, total, estado) VALUES (8, 1000.00, 'procesada');
INSERT INTO cotizaciones (id_usuario, total, estado) VALUES (9, 1000.00, 'procesada');
INSERT INTO cotizaciones (id_usuario, total, estado) VALUES (10, 1000.00, 'procesada');
INSERT INTO cotizaciones (id_usuario, total, estado) VALUES (11, 1000.00, 'procesada');
INSERT INTO cotizaciones (id_usuario, total, estado) VALUES (12, 1000.00, 'procesada');
INSERT INTO cotizaciones (id_usuario, total, estado) VALUES (13, 1000.00, 'procesada');
INSERT INTO cotizaciones (id_usuario, total, estado) VALUES (14, 1000.00, 'procesada');
INSERT INTO cotizaciones (id_usuario, total, estado) VALUES (15, 1000.00, 'procesada');
INSERT INTO cotizaciones (id_usuario, total, estado) VALUES (16, 1000.00, 'procesada');
INSERT INTO cotizaciones (id_usuario, total, estado) VALUES (17, 1000.00, 'procesada');
INSERT INTO cotizaciones (id_usuario, total, estado) VALUES (18, 1000.00, 'procesada');
INSERT INTO cotizaciones (id_usuario, total, estado) VALUES (19, 1000.00, 'procesada');
INSERT INTO cotizaciones (id_usuario, total, estado) VALUES (20, 1000.00, 'procesada');
INSERT INTO cotizaciones (id_usuario, total, estado) VALUES (21, 1000.00, 'procesada');
INSERT INTO cotizaciones (id_usuario, total, estado) VALUES (22, 1000.00, 'procesada');
INSERT INTO cotizaciones (id_usuario, total, estado) VALUES (23, 1000.00, 'procesada');
INSERT INTO cotizaciones (id_usuario, total, estado) VALUES (24, 1000.00, 'procesada');
INSERT INTO cotizaciones (id_usuario, total, estado) VALUES (25, 1000.00, 'procesada');
INSERT INTO cotizaciones (id_usuario, total, estado) VALUES (26, 1000.00, 'procesada');
INSERT INTO cotizaciones (id_usuario, total, estado) VALUES (27, 1000.00, 'procesada');
INSERT INTO cotizaciones (id_usuario, total, estado) VALUES (28, 1000.00, 'procesada');
INSERT INTO cotizaciones (id_usuario, total, estado) VALUES (29, 1000.00, 'procesada');
INSERT INTO cotizaciones (id_usuario, total, estado) VALUES (30, 1000.00, 'procesada');
INSERT INTO cotizaciones (id_usuario, total, estado) VALUES (31, 1000.00, 'procesada');
INSERT INTO cotizaciones (id_usuario, total, estado) VALUES (32, 1000.00, 'procesada');
INSERT INTO cotizaciones (id_usuario, total, estado) VALUES (33, 1000.00, 'procesada');
INSERT INTO cotizaciones (id_usuario, total, estado) VALUES (34, 1000.00, 'procesada');
INSERT INTO cotizaciones (id_usuario, total, estado) VALUES (35, 1000.00, 'procesada');
INSERT INTO cotizaciones (id_usuario, total, estado) VALUES (36, 1000.00, 'procesada');
INSERT INTO cotizaciones (id_usuario, total, estado) VALUES (37, 1000.00, 'procesada');
INSERT INTO cotizaciones (id_usuario, total, estado) VALUES (38, 1000.00, 'procesada');
INSERT INTO cotizaciones (id_usuario, total, estado) VALUES (39, 1000.00, 'procesada');
INSERT INTO cotizaciones (id_usuario, total, estado) VALUES (40, 1000.00, 'procesada');
INSERT INTO cotizaciones (id_usuario, total, estado) VALUES (41, 1000.00, 'procesada');
INSERT INTO cotizaciones (id_usuario, total, estado) VALUES (42, 1000.00, 'procesada');
INSERT INTO cotizaciones (id_usuario, total, estado) VALUES (43, 1000.00, 'procesada');
INSERT INTO cotizaciones (id_usuario, total, estado) VALUES (44, 1000.00, 'procesada');
INSERT INTO cotizaciones (id_usuario, total, estado) VALUES (45, 1000.00, 'procesada');
INSERT INTO cotizaciones (id_usuario, total, estado) VALUES (46, 1000.00, 'procesada');
INSERT INTO cotizaciones (id_usuario, total, estado) VALUES (47, 1000.00, 'procesada');
INSERT INTO cotizaciones (id_usuario, total, estado) VALUES (48, 1000.00, 'procesada');
INSERT INTO cotizaciones (id_usuario, total, estado) VALUES (49, 1000.00, 'procesada');
INSERT INTO cotizaciones (id_usuario, total, estado) VALUES (50, 1000.00, 'procesada');
INSERT INTO cotizacion_items (id_cotizacion, id_producto, cantidad, precio_unitario_snapshot, subtotal) VALUES (1, 1, 2, 500.00, 1000.00);
INSERT INTO cotizacion_items (id_cotizacion, id_producto, cantidad, precio_unitario_snapshot, subtotal) VALUES (2, 2, 2, 500.00, 1000.00);
INSERT INTO cotizacion_items (id_cotizacion, id_producto, cantidad, precio_unitario_snapshot, subtotal) VALUES (3, 3, 2, 500.00, 1000.00);
INSERT INTO cotizacion_items (id_cotizacion, id_producto, cantidad, precio_unitario_snapshot, subtotal) VALUES (4, 4, 2, 500.00, 1000.00);
INSERT INTO cotizacion_items (id_cotizacion, id_producto, cantidad, precio_unitario_snapshot, subtotal) VALUES (5, 5, 2, 500.00, 1000.00);
INSERT INTO cotizacion_items (id_cotizacion, id_producto, cantidad, precio_unitario_snapshot, subtotal) VALUES (6, 6, 2, 500.00, 1000.00);
INSERT INTO cotizacion_items (id_cotizacion, id_producto, cantidad, precio_unitario_snapshot, subtotal) VALUES (7, 7, 2, 500.00, 1000.00);
INSERT INTO cotizacion_items (id_cotizacion, id_producto, cantidad, precio_unitario_snapshot, subtotal) VALUES (8, 8, 2, 500.00, 1000.00);
INSERT INTO cotizacion_items (id_cotizacion, id_producto, cantidad, precio_unitario_snapshot, subtotal) VALUES (9, 9, 2, 500.00, 1000.00);
INSERT INTO cotizacion_items (id_cotizacion, id_producto, cantidad, precio_unitario_snapshot, subtotal) VALUES (10, 10, 2, 500.00, 1000.00);
INSERT INTO cotizacion_items (id_cotizacion, id_producto, cantidad, precio_unitario_snapshot, subtotal) VALUES (11, 11, 2, 500.00, 1000.00);
INSERT INTO cotizacion_items (id_cotizacion, id_producto, cantidad, precio_unitario_snapshot, subtotal) VALUES (12, 12, 2, 500.00, 1000.00);
INSERT INTO cotizacion_items (id_cotizacion, id_producto, cantidad, precio_unitario_snapshot, subtotal) VALUES (13, 13, 2, 500.00, 1000.00);
INSERT INTO cotizacion_items (id_cotizacion, id_producto, cantidad, precio_unitario_snapshot, subtotal) VALUES (14, 14, 2, 500.00, 1000.00);
INSERT INTO cotizacion_items (id_cotizacion, id_producto, cantidad, precio_unitario_snapshot, subtotal) VALUES (15, 15, 2, 500.00, 1000.00);
INSERT INTO cotizacion_items (id_cotizacion, id_producto, cantidad, precio_unitario_snapshot, subtotal) VALUES (16, 16, 2, 500.00, 1000.00);
INSERT INTO cotizacion_items (id_cotizacion, id_producto, cantidad, precio_unitario_snapshot, subtotal) VALUES (17, 17, 2, 500.00, 1000.00);
INSERT INTO cotizacion_items (id_cotizacion, id_producto, cantidad, precio_unitario_snapshot, subtotal) VALUES (18, 18, 2, 500.00, 1000.00);
INSERT INTO cotizacion_items (id_cotizacion, id_producto, cantidad, precio_unitario_snapshot, subtotal) VALUES (19, 19, 2, 500.00, 1000.00);
INSERT INTO cotizacion_items (id_cotizacion, id_producto, cantidad, precio_unitario_snapshot, subtotal) VALUES (20, 20, 2, 500.00, 1000.00);
INSERT INTO cotizacion_items (id_cotizacion, id_producto, cantidad, precio_unitario_snapshot, subtotal) VALUES (21, 21, 2, 500.00, 1000.00);
INSERT INTO cotizacion_items (id_cotizacion, id_producto, cantidad, precio_unitario_snapshot, subtotal) VALUES (22, 22, 2, 500.00, 1000.00);
INSERT INTO cotizacion_items (id_cotizacion, id_producto, cantidad, precio_unitario_snapshot, subtotal) VALUES (23, 23, 2, 500.00, 1000.00);
INSERT INTO cotizacion_items (id_cotizacion, id_producto, cantidad, precio_unitario_snapshot, subtotal) VALUES (24, 24, 2, 500.00, 1000.00);
INSERT INTO cotizacion_items (id_cotizacion, id_producto, cantidad, precio_unitario_snapshot, subtotal) VALUES (25, 25, 2, 500.00, 1000.00);
INSERT INTO cotizacion_items (id_cotizacion, id_producto, cantidad, precio_unitario_snapshot, subtotal) VALUES (26, 26, 2, 500.00, 1000.00);
INSERT INTO cotizacion_items (id_cotizacion, id_producto, cantidad, precio_unitario_snapshot, subtotal) VALUES (27, 27, 2, 500.00, 1000.00);
INSERT INTO cotizacion_items (id_cotizacion, id_producto, cantidad, precio_unitario_snapshot, subtotal) VALUES (28, 28, 2, 500.00, 1000.00);
INSERT INTO cotizacion_items (id_cotizacion, id_producto, cantidad, precio_unitario_snapshot, subtotal) VALUES (29, 29, 2, 500.00, 1000.00);
INSERT INTO cotizacion_items (id_cotizacion, id_producto, cantidad, precio_unitario_snapshot, subtotal) VALUES (30, 30, 2, 500.00, 1000.00);
INSERT INTO cotizacion_items (id_cotizacion, id_producto, cantidad, precio_unitario_snapshot, subtotal) VALUES (31, 31, 2, 500.00, 1000.00);
INSERT INTO cotizacion_items (id_cotizacion, id_producto, cantidad, precio_unitario_snapshot, subtotal) VALUES (32, 32, 2, 500.00, 1000.00);
INSERT INTO cotizacion_items (id_cotizacion, id_producto, cantidad, precio_unitario_snapshot, subtotal) VALUES (33, 33, 2, 500.00, 1000.00);
INSERT INTO cotizacion_items (id_cotizacion, id_producto, cantidad, precio_unitario_snapshot, subtotal) VALUES (34, 34, 2, 500.00, 1000.00);
INSERT INTO cotizacion_items (id_cotizacion, id_producto, cantidad, precio_unitario_snapshot, subtotal) VALUES (35, 35, 2, 500.00, 1000.00);
INSERT INTO cotizacion_items (id_cotizacion, id_producto, cantidad, precio_unitario_snapshot, subtotal) VALUES (36, 36, 2, 500.00, 1000.00);
INSERT INTO cotizacion_items (id_cotizacion, id_producto, cantidad, precio_unitario_snapshot, subtotal) VALUES (37, 37, 2, 500.00, 1000.00);
INSERT INTO cotizacion_items (id_cotizacion, id_producto, cantidad, precio_unitario_snapshot, subtotal) VALUES (38, 38, 2, 500.00, 1000.00);
INSERT INTO cotizacion_items (id_cotizacion, id_producto, cantidad, precio_unitario_snapshot, subtotal) VALUES (39, 39, 2, 500.00, 1000.00);
INSERT INTO cotizacion_items (id_cotizacion, id_producto, cantidad, precio_unitario_snapshot, subtotal) VALUES (40, 40, 2, 500.00, 1000.00);
INSERT INTO cotizacion_items (id_cotizacion, id_producto, cantidad, precio_unitario_snapshot, subtotal) VALUES (41, 41, 2, 500.00, 1000.00);
INSERT INTO cotizacion_items (id_cotizacion, id_producto, cantidad, precio_unitario_snapshot, subtotal) VALUES (42, 42, 2, 500.00, 1000.00);
INSERT INTO cotizacion_items (id_cotizacion, id_producto, cantidad, precio_unitario_snapshot, subtotal) VALUES (43, 43, 2, 500.00, 1000.00);
INSERT INTO cotizacion_items (id_cotizacion, id_producto, cantidad, precio_unitario_snapshot, subtotal) VALUES (44, 44, 2, 500.00, 1000.00);
INSERT INTO cotizacion_items (id_cotizacion, id_producto, cantidad, precio_unitario_snapshot, subtotal) VALUES (45, 45, 2, 500.00, 1000.00);
INSERT INTO cotizacion_items (id_cotizacion, id_producto, cantidad, precio_unitario_snapshot, subtotal) VALUES (46, 46, 2, 500.00, 1000.00);
INSERT INTO cotizacion_items (id_cotizacion, id_producto, cantidad, precio_unitario_snapshot, subtotal) VALUES (47, 47, 2, 500.00, 1000.00);
INSERT INTO cotizacion_items (id_cotizacion, id_producto, cantidad, precio_unitario_snapshot, subtotal) VALUES (48, 48, 2, 500.00, 1000.00);
INSERT INTO cotizacion_items (id_cotizacion, id_producto, cantidad, precio_unitario_snapshot, subtotal) VALUES (49, 49, 2, 500.00, 1000.00);
INSERT INTO cotizacion_items (id_cotizacion, id_producto, cantidad, precio_unitario_snapshot, subtotal) VALUES (50, 50, 2, 500.00, 1000.00);
INSERT INTO ordenes (codigo_orden, id_usuario, id_direccion, direccion_snapshot, id_envio_metodo, id_pago_metodo, subtotal, costo_envio, total, estado) VALUES ('ORD-2026-0001', 1, 1, 'Snapshot Dir 1', 1, 1, 1000.00, 35.00, 1035.00, 'completada');
INSERT INTO ordenes (codigo_orden, id_usuario, id_direccion, direccion_snapshot, id_envio_metodo, id_pago_metodo, subtotal, costo_envio, total, estado) VALUES ('ORD-2026-0002', 2, 2, 'Snapshot Dir 2', 1, 1, 1000.00, 35.00, 1035.00, 'completada');
INSERT INTO ordenes (codigo_orden, id_usuario, id_direccion, direccion_snapshot, id_envio_metodo, id_pago_metodo, subtotal, costo_envio, total, estado) VALUES ('ORD-2026-0003', 3, 3, 'Snapshot Dir 3', 1, 1, 1000.00, 35.00, 1035.00, 'completada');
INSERT INTO ordenes (codigo_orden, id_usuario, id_direccion, direccion_snapshot, id_envio_metodo, id_pago_metodo, subtotal, costo_envio, total, estado) VALUES ('ORD-2026-0004', 4, 4, 'Snapshot Dir 4', 1, 1, 1000.00, 35.00, 1035.00, 'completada');
INSERT INTO ordenes (codigo_orden, id_usuario, id_direccion, direccion_snapshot, id_envio_metodo, id_pago_metodo, subtotal, costo_envio, total, estado) VALUES ('ORD-2026-0005', 5, 5, 'Snapshot Dir 5', 1, 1, 1000.00, 35.00, 1035.00, 'completada');
INSERT INTO ordenes (codigo_orden, id_usuario, id_direccion, direccion_snapshot, id_envio_metodo, id_pago_metodo, subtotal, costo_envio, total, estado) VALUES ('ORD-2026-0006', 6, 6, 'Snapshot Dir 6', 1, 1, 1000.00, 35.00, 1035.00, 'completada');
INSERT INTO ordenes (codigo_orden, id_usuario, id_direccion, direccion_snapshot, id_envio_metodo, id_pago_metodo, subtotal, costo_envio, total, estado) VALUES ('ORD-2026-0007', 7, 7, 'Snapshot Dir 7', 1, 1, 1000.00, 35.00, 1035.00, 'completada');
INSERT INTO ordenes (codigo_orden, id_usuario, id_direccion, direccion_snapshot, id_envio_metodo, id_pago_metodo, subtotal, costo_envio, total, estado) VALUES ('ORD-2026-0008', 8, 8, 'Snapshot Dir 8', 1, 1, 1000.00, 35.00, 1035.00, 'completada');
INSERT INTO ordenes (codigo_orden, id_usuario, id_direccion, direccion_snapshot, id_envio_metodo, id_pago_metodo, subtotal, costo_envio, total, estado) VALUES ('ORD-2026-0009', 9, 9, 'Snapshot Dir 9', 1, 1, 1000.00, 35.00, 1035.00, 'completada');
INSERT INTO ordenes (codigo_orden, id_usuario, id_direccion, direccion_snapshot, id_envio_metodo, id_pago_metodo, subtotal, costo_envio, total, estado) VALUES ('ORD-2026-0010', 10, 10, 'Snapshot Dir 10', 1, 1, 1000.00, 35.00, 1035.00, 'completada');
INSERT INTO ordenes (codigo_orden, id_usuario, id_direccion, direccion_snapshot, id_envio_metodo, id_pago_metodo, subtotal, costo_envio, total, estado) VALUES ('ORD-2026-0011', 11, 11, 'Snapshot Dir 11', 1, 1, 1000.00, 35.00, 1035.00, 'completada');
INSERT INTO ordenes (codigo_orden, id_usuario, id_direccion, direccion_snapshot, id_envio_metodo, id_pago_metodo, subtotal, costo_envio, total, estado) VALUES ('ORD-2026-0012', 12, 12, 'Snapshot Dir 12', 1, 1, 1000.00, 35.00, 1035.00, 'completada');
INSERT INTO ordenes (codigo_orden, id_usuario, id_direccion, direccion_snapshot, id_envio_metodo, id_pago_metodo, subtotal, costo_envio, total, estado) VALUES ('ORD-2026-0013', 13, 13, 'Snapshot Dir 13', 1, 1, 1000.00, 35.00, 1035.00, 'completada');
INSERT INTO ordenes (codigo_orden, id_usuario, id_direccion, direccion_snapshot, id_envio_metodo, id_pago_metodo, subtotal, costo_envio, total, estado) VALUES ('ORD-2026-0014', 14, 14, 'Snapshot Dir 14', 1, 1, 1000.00, 35.00, 1035.00, 'completada');
INSERT INTO ordenes (codigo_orden, id_usuario, id_direccion, direccion_snapshot, id_envio_metodo, id_pago_metodo, subtotal, costo_envio, total, estado) VALUES ('ORD-2026-0015', 15, 15, 'Snapshot Dir 15', 1, 1, 1000.00, 35.00, 1035.00, 'completada');
INSERT INTO ordenes (codigo_orden, id_usuario, id_direccion, direccion_snapshot, id_envio_metodo, id_pago_metodo, subtotal, costo_envio, total, estado) VALUES ('ORD-2026-0016', 16, 16, 'Snapshot Dir 16', 1, 1, 1000.00, 35.00, 1035.00, 'completada');
INSERT INTO ordenes (codigo_orden, id_usuario, id_direccion, direccion_snapshot, id_envio_metodo, id_pago_metodo, subtotal, costo_envio, total, estado) VALUES ('ORD-2026-0017', 17, 17, 'Snapshot Dir 17', 1, 1, 1000.00, 35.00, 1035.00, 'completada');
INSERT INTO ordenes (codigo_orden, id_usuario, id_direccion, direccion_snapshot, id_envio_metodo, id_pago_metodo, subtotal, costo_envio, total, estado) VALUES ('ORD-2026-0018', 18, 18, 'Snapshot Dir 18', 1, 1, 1000.00, 35.00, 1035.00, 'completada');
INSERT INTO ordenes (codigo_orden, id_usuario, id_direccion, direccion_snapshot, id_envio_metodo, id_pago_metodo, subtotal, costo_envio, total, estado) VALUES ('ORD-2026-0019', 19, 19, 'Snapshot Dir 19', 1, 1, 1000.00, 35.00, 1035.00, 'completada');
INSERT INTO ordenes (codigo_orden, id_usuario, id_direccion, direccion_snapshot, id_envio_metodo, id_pago_metodo, subtotal, costo_envio, total, estado) VALUES ('ORD-2026-0020', 20, 20, 'Snapshot Dir 20', 1, 1, 1000.00, 35.00, 1035.00, 'completada');
INSERT INTO ordenes (codigo_orden, id_usuario, id_direccion, direccion_snapshot, id_envio_metodo, id_pago_metodo, subtotal, costo_envio, total, estado) VALUES ('ORD-2026-0021', 21, 21, 'Snapshot Dir 21', 1, 1, 1000.00, 35.00, 1035.00, 'completada');
INSERT INTO ordenes (codigo_orden, id_usuario, id_direccion, direccion_snapshot, id_envio_metodo, id_pago_metodo, subtotal, costo_envio, total, estado) VALUES ('ORD-2026-0022', 22, 22, 'Snapshot Dir 22', 1, 1, 1000.00, 35.00, 1035.00, 'completada');
INSERT INTO ordenes (codigo_orden, id_usuario, id_direccion, direccion_snapshot, id_envio_metodo, id_pago_metodo, subtotal, costo_envio, total, estado) VALUES ('ORD-2026-0023', 23, 23, 'Snapshot Dir 23', 1, 1, 1000.00, 35.00, 1035.00, 'completada');
INSERT INTO ordenes (codigo_orden, id_usuario, id_direccion, direccion_snapshot, id_envio_metodo, id_pago_metodo, subtotal, costo_envio, total, estado) VALUES ('ORD-2026-0024', 24, 24, 'Snapshot Dir 24', 1, 1, 1000.00, 35.00, 1035.00, 'completada');
INSERT INTO ordenes (codigo_orden, id_usuario, id_direccion, direccion_snapshot, id_envio_metodo, id_pago_metodo, subtotal, costo_envio, total, estado) VALUES ('ORD-2026-0025', 25, 25, 'Snapshot Dir 25', 1, 1, 1000.00, 35.00, 1035.00, 'completada');
INSERT INTO ordenes (codigo_orden, id_usuario, id_direccion, direccion_snapshot, id_envio_metodo, id_pago_metodo, subtotal, costo_envio, total, estado) VALUES ('ORD-2026-0026', 26, 26, 'Snapshot Dir 26', 1, 1, 1000.00, 35.00, 1035.00, 'completada');
INSERT INTO ordenes (codigo_orden, id_usuario, id_direccion, direccion_snapshot, id_envio_metodo, id_pago_metodo, subtotal, costo_envio, total, estado) VALUES ('ORD-2026-0027', 27, 27, 'Snapshot Dir 27', 1, 1, 1000.00, 35.00, 1035.00, 'completada');
INSERT INTO ordenes (codigo_orden, id_usuario, id_direccion, direccion_snapshot, id_envio_metodo, id_pago_metodo, subtotal, costo_envio, total, estado) VALUES ('ORD-2026-0028', 28, 28, 'Snapshot Dir 28', 1, 1, 1000.00, 35.00, 1035.00, 'completada');
INSERT INTO ordenes (codigo_orden, id_usuario, id_direccion, direccion_snapshot, id_envio_metodo, id_pago_metodo, subtotal, costo_envio, total, estado) VALUES ('ORD-2026-0029', 29, 29, 'Snapshot Dir 29', 1, 1, 1000.00, 35.00, 1035.00, 'completada');
INSERT INTO ordenes (codigo_orden, id_usuario, id_direccion, direccion_snapshot, id_envio_metodo, id_pago_metodo, subtotal, costo_envio, total, estado) VALUES ('ORD-2026-0030', 30, 30, 'Snapshot Dir 30', 1, 1, 1000.00, 35.00, 1035.00, 'completada');
INSERT INTO ordenes (codigo_orden, id_usuario, id_direccion, direccion_snapshot, id_envio_metodo, id_pago_metodo, subtotal, costo_envio, total, estado) VALUES ('ORD-2026-0031', 31, 31, 'Snapshot Dir 31', 1, 1, 1000.00, 35.00, 1035.00, 'completada');
INSERT INTO ordenes (codigo_orden, id_usuario, id_direccion, direccion_snapshot, id_envio_metodo, id_pago_metodo, subtotal, costo_envio, total, estado) VALUES ('ORD-2026-0032', 32, 32, 'Snapshot Dir 32', 1, 1, 1000.00, 35.00, 1035.00, 'completada');
INSERT INTO ordenes (codigo_orden, id_usuario, id_direccion, direccion_snapshot, id_envio_metodo, id_pago_metodo, subtotal, costo_envio, total, estado) VALUES ('ORD-2026-0033', 33, 33, 'Snapshot Dir 33', 1, 1, 1000.00, 35.00, 1035.00, 'completada');
INSERT INTO ordenes (codigo_orden, id_usuario, id_direccion, direccion_snapshot, id_envio_metodo, id_pago_metodo, subtotal, costo_envio, total, estado) VALUES ('ORD-2026-0034', 34, 34, 'Snapshot Dir 34', 1, 1, 1000.00, 35.00, 1035.00, 'completada');
INSERT INTO ordenes (codigo_orden, id_usuario, id_direccion, direccion_snapshot, id_envio_metodo, id_pago_metodo, subtotal, costo_envio, total, estado) VALUES ('ORD-2026-0035', 35, 35, 'Snapshot Dir 35', 1, 1, 1000.00, 35.00, 1035.00, 'completada');
INSERT INTO ordenes (codigo_orden, id_usuario, id_direccion, direccion_snapshot, id_envio_metodo, id_pago_metodo, subtotal, costo_envio, total, estado) VALUES ('ORD-2026-0036', 36, 36, 'Snapshot Dir 36', 1, 1, 1000.00, 35.00, 1035.00, 'completada');
INSERT INTO ordenes (codigo_orden, id_usuario, id_direccion, direccion_snapshot, id_envio_metodo, id_pago_metodo, subtotal, costo_envio, total, estado) VALUES ('ORD-2026-0037', 37, 37, 'Snapshot Dir 37', 1, 1, 1000.00, 35.00, 1035.00, 'completada');
INSERT INTO ordenes (codigo_orden, id_usuario, id_direccion, direccion_snapshot, id_envio_metodo, id_pago_metodo, subtotal, costo_envio, total, estado) VALUES ('ORD-2026-0038', 38, 38, 'Snapshot Dir 38', 1, 1, 1000.00, 35.00, 1035.00, 'completada');
INSERT INTO ordenes (codigo_orden, id_usuario, id_direccion, direccion_snapshot, id_envio_metodo, id_pago_metodo, subtotal, costo_envio, total, estado) VALUES ('ORD-2026-0039', 39, 39, 'Snapshot Dir 39', 1, 1, 1000.00, 35.00, 1035.00, 'completada');
INSERT INTO ordenes (codigo_orden, id_usuario, id_direccion, direccion_snapshot, id_envio_metodo, id_pago_metodo, subtotal, costo_envio, total, estado) VALUES ('ORD-2026-0040', 40, 40, 'Snapshot Dir 40', 1, 1, 1000.00, 35.00, 1035.00, 'completada');
INSERT INTO ordenes (codigo_orden, id_usuario, id_direccion, direccion_snapshot, id_envio_metodo, id_pago_metodo, subtotal, costo_envio, total, estado) VALUES ('ORD-2026-0041', 41, 41, 'Snapshot Dir 41', 1, 1, 1000.00, 35.00, 1035.00, 'completada');
INSERT INTO ordenes (codigo_orden, id_usuario, id_direccion, direccion_snapshot, id_envio_metodo, id_pago_metodo, subtotal, costo_envio, total, estado) VALUES ('ORD-2026-0042', 42, 42, 'Snapshot Dir 42', 1, 1, 1000.00, 35.00, 1035.00, 'completada');
INSERT INTO ordenes (codigo_orden, id_usuario, id_direccion, direccion_snapshot, id_envio_metodo, id_pago_metodo, subtotal, costo_envio, total, estado) VALUES ('ORD-2026-0043', 43, 43, 'Snapshot Dir 43', 1, 1, 1000.00, 35.00, 1035.00, 'completada');
INSERT INTO ordenes (codigo_orden, id_usuario, id_direccion, direccion_snapshot, id_envio_metodo, id_pago_metodo, subtotal, costo_envio, total, estado) VALUES ('ORD-2026-0044', 44, 44, 'Snapshot Dir 44', 1, 1, 1000.00, 35.00, 1035.00, 'completada');
INSERT INTO ordenes (codigo_orden, id_usuario, id_direccion, direccion_snapshot, id_envio_metodo, id_pago_metodo, subtotal, costo_envio, total, estado) VALUES ('ORD-2026-0045', 45, 45, 'Snapshot Dir 45', 1, 1, 1000.00, 35.00, 1035.00, 'completada');
INSERT INTO ordenes (codigo_orden, id_usuario, id_direccion, direccion_snapshot, id_envio_metodo, id_pago_metodo, subtotal, costo_envio, total, estado) VALUES ('ORD-2026-0046', 46, 46, 'Snapshot Dir 46', 1, 1, 1000.00, 35.00, 1035.00, 'completada');
INSERT INTO ordenes (codigo_orden, id_usuario, id_direccion, direccion_snapshot, id_envio_metodo, id_pago_metodo, subtotal, costo_envio, total, estado) VALUES ('ORD-2026-0047', 47, 47, 'Snapshot Dir 47', 1, 1, 1000.00, 35.00, 1035.00, 'completada');
INSERT INTO ordenes (codigo_orden, id_usuario, id_direccion, direccion_snapshot, id_envio_metodo, id_pago_metodo, subtotal, costo_envio, total, estado) VALUES ('ORD-2026-0048', 48, 48, 'Snapshot Dir 48', 1, 1, 1000.00, 35.00, 1035.00, 'completada');
INSERT INTO ordenes (codigo_orden, id_usuario, id_direccion, direccion_snapshot, id_envio_metodo, id_pago_metodo, subtotal, costo_envio, total, estado) VALUES ('ORD-2026-0049', 49, 49, 'Snapshot Dir 49', 1, 1, 1000.00, 35.00, 1035.00, 'completada');
INSERT INTO ordenes (codigo_orden, id_usuario, id_direccion, direccion_snapshot, id_envio_metodo, id_pago_metodo, subtotal, costo_envio, total, estado) VALUES ('ORD-2026-0050', 50, 50, 'Snapshot Dir 50', 1, 1, 1000.00, 35.00, 1035.00, 'completada');
INSERT INTO orden_items (id_orden, id_producto, cantidad, precio_unitario_snapshot, subtotal) VALUES (1, 1, 2, 500.00, 1000.00);
INSERT INTO orden_items (id_orden, id_producto, cantidad, precio_unitario_snapshot, subtotal) VALUES (2, 2, 2, 500.00, 1000.00);
INSERT INTO orden_items (id_orden, id_producto, cantidad, precio_unitario_snapshot, subtotal) VALUES (3, 3, 2, 500.00, 1000.00);
INSERT INTO orden_items (id_orden, id_producto, cantidad, precio_unitario_snapshot, subtotal) VALUES (4, 4, 2, 500.00, 1000.00);
INSERT INTO orden_items (id_orden, id_producto, cantidad, precio_unitario_snapshot, subtotal) VALUES (5, 5, 2, 500.00, 1000.00);
INSERT INTO orden_items (id_orden, id_producto, cantidad, precio_unitario_snapshot, subtotal) VALUES (6, 6, 2, 500.00, 1000.00);
INSERT INTO orden_items (id_orden, id_producto, cantidad, precio_unitario_snapshot, subtotal) VALUES (7, 7, 2, 500.00, 1000.00);
INSERT INTO orden_items (id_orden, id_producto, cantidad, precio_unitario_snapshot, subtotal) VALUES (8, 8, 2, 500.00, 1000.00);
INSERT INTO orden_items (id_orden, id_producto, cantidad, precio_unitario_snapshot, subtotal) VALUES (9, 9, 2, 500.00, 1000.00);
INSERT INTO orden_items (id_orden, id_producto, cantidad, precio_unitario_snapshot, subtotal) VALUES (10, 10, 2, 500.00, 1000.00);
INSERT INTO orden_items (id_orden, id_producto, cantidad, precio_unitario_snapshot, subtotal) VALUES (11, 11, 2, 500.00, 1000.00);
INSERT INTO orden_items (id_orden, id_producto, cantidad, precio_unitario_snapshot, subtotal) VALUES (12, 12, 2, 500.00, 1000.00);
INSERT INTO orden_items (id_orden, id_producto, cantidad, precio_unitario_snapshot, subtotal) VALUES (13, 13, 2, 500.00, 1000.00);
INSERT INTO orden_items (id_orden, id_producto, cantidad, precio_unitario_snapshot, subtotal) VALUES (14, 14, 2, 500.00, 1000.00);
INSERT INTO orden_items (id_orden, id_producto, cantidad, precio_unitario_snapshot, subtotal) VALUES (15, 15, 2, 500.00, 1000.00);
INSERT INTO orden_items (id_orden, id_producto, cantidad, precio_unitario_snapshot, subtotal) VALUES (16, 16, 2, 500.00, 1000.00);
INSERT INTO orden_items (id_orden, id_producto, cantidad, precio_unitario_snapshot, subtotal) VALUES (17, 17, 2, 500.00, 1000.00);
INSERT INTO orden_items (id_orden, id_producto, cantidad, precio_unitario_snapshot, subtotal) VALUES (18, 18, 2, 500.00, 1000.00);
INSERT INTO orden_items (id_orden, id_producto, cantidad, precio_unitario_snapshot, subtotal) VALUES (19, 19, 2, 500.00, 1000.00);
INSERT INTO orden_items (id_orden, id_producto, cantidad, precio_unitario_snapshot, subtotal) VALUES (20, 20, 2, 500.00, 1000.00);
INSERT INTO orden_items (id_orden, id_producto, cantidad, precio_unitario_snapshot, subtotal) VALUES (21, 21, 2, 500.00, 1000.00);
INSERT INTO orden_items (id_orden, id_producto, cantidad, precio_unitario_snapshot, subtotal) VALUES (22, 22, 2, 500.00, 1000.00);
INSERT INTO orden_items (id_orden, id_producto, cantidad, precio_unitario_snapshot, subtotal) VALUES (23, 23, 2, 500.00, 1000.00);
INSERT INTO orden_items (id_orden, id_producto, cantidad, precio_unitario_snapshot, subtotal) VALUES (24, 24, 2, 500.00, 1000.00);
INSERT INTO orden_items (id_orden, id_producto, cantidad, precio_unitario_snapshot, subtotal) VALUES (25, 25, 2, 500.00, 1000.00);
INSERT INTO orden_items (id_orden, id_producto, cantidad, precio_unitario_snapshot, subtotal) VALUES (26, 26, 2, 500.00, 1000.00);
INSERT INTO orden_items (id_orden, id_producto, cantidad, precio_unitario_snapshot, subtotal) VALUES (27, 27, 2, 500.00, 1000.00);
INSERT INTO orden_items (id_orden, id_producto, cantidad, precio_unitario_snapshot, subtotal) VALUES (28, 28, 2, 500.00, 1000.00);
INSERT INTO orden_items (id_orden, id_producto, cantidad, precio_unitario_snapshot, subtotal) VALUES (29, 29, 2, 500.00, 1000.00);
INSERT INTO orden_items (id_orden, id_producto, cantidad, precio_unitario_snapshot, subtotal) VALUES (30, 30, 2, 500.00, 1000.00);
INSERT INTO orden_items (id_orden, id_producto, cantidad, precio_unitario_snapshot, subtotal) VALUES (31, 31, 2, 500.00, 1000.00);
INSERT INTO orden_items (id_orden, id_producto, cantidad, precio_unitario_snapshot, subtotal) VALUES (32, 32, 2, 500.00, 1000.00);
INSERT INTO orden_items (id_orden, id_producto, cantidad, precio_unitario_snapshot, subtotal) VALUES (33, 33, 2, 500.00, 1000.00);
INSERT INTO orden_items (id_orden, id_producto, cantidad, precio_unitario_snapshot, subtotal) VALUES (34, 34, 2, 500.00, 1000.00);
INSERT INTO orden_items (id_orden, id_producto, cantidad, precio_unitario_snapshot, subtotal) VALUES (35, 35, 2, 500.00, 1000.00);
INSERT INTO orden_items (id_orden, id_producto, cantidad, precio_unitario_snapshot, subtotal) VALUES (36, 36, 2, 500.00, 1000.00);
INSERT INTO orden_items (id_orden, id_producto, cantidad, precio_unitario_snapshot, subtotal) VALUES (37, 37, 2, 500.00, 1000.00);
INSERT INTO orden_items (id_orden, id_producto, cantidad, precio_unitario_snapshot, subtotal) VALUES (38, 38, 2, 500.00, 1000.00);
INSERT INTO orden_items (id_orden, id_producto, cantidad, precio_unitario_snapshot, subtotal) VALUES (39, 39, 2, 500.00, 1000.00);
INSERT INTO orden_items (id_orden, id_producto, cantidad, precio_unitario_snapshot, subtotal) VALUES (40, 40, 2, 500.00, 1000.00);
INSERT INTO orden_items (id_orden, id_producto, cantidad, precio_unitario_snapshot, subtotal) VALUES (41, 41, 2, 500.00, 1000.00);
INSERT INTO orden_items (id_orden, id_producto, cantidad, precio_unitario_snapshot, subtotal) VALUES (42, 42, 2, 500.00, 1000.00);
INSERT INTO orden_items (id_orden, id_producto, cantidad, precio_unitario_snapshot, subtotal) VALUES (43, 43, 2, 500.00, 1000.00);
INSERT INTO orden_items (id_orden, id_producto, cantidad, precio_unitario_snapshot, subtotal) VALUES (44, 44, 2, 500.00, 1000.00);
INSERT INTO orden_items (id_orden, id_producto, cantidad, precio_unitario_snapshot, subtotal) VALUES (45, 45, 2, 500.00, 1000.00);
INSERT INTO orden_items (id_orden, id_producto, cantidad, precio_unitario_snapshot, subtotal) VALUES (46, 46, 2, 500.00, 1000.00);
INSERT INTO orden_items (id_orden, id_producto, cantidad, precio_unitario_snapshot, subtotal) VALUES (47, 47, 2, 500.00, 1000.00);
INSERT INTO orden_items (id_orden, id_producto, cantidad, precio_unitario_snapshot, subtotal) VALUES (48, 48, 2, 500.00, 1000.00);
INSERT INTO orden_items (id_orden, id_producto, cantidad, precio_unitario_snapshot, subtotal) VALUES (49, 49, 2, 500.00, 1000.00);
INSERT INTO orden_items (id_orden, id_producto, cantidad, precio_unitario_snapshot, subtotal) VALUES (50, 50, 2, 500.00, 1000.00);
INSERT INTO envios (id_orden, estado_envio) VALUES (1, 'entregado');
INSERT INTO envios (id_orden, estado_envio) VALUES (2, 'entregado');
INSERT INTO envios (id_orden, estado_envio) VALUES (3, 'entregado');
INSERT INTO envios (id_orden, estado_envio) VALUES (4, 'entregado');
INSERT INTO envios (id_orden, estado_envio) VALUES (5, 'entregado');
INSERT INTO envios (id_orden, estado_envio) VALUES (6, 'entregado');
INSERT INTO envios (id_orden, estado_envio) VALUES (7, 'entregado');
INSERT INTO envios (id_orden, estado_envio) VALUES (8, 'entregado');
INSERT INTO envios (id_orden, estado_envio) VALUES (9, 'entregado');
INSERT INTO envios (id_orden, estado_envio) VALUES (10, 'entregado');
INSERT INTO envios (id_orden, estado_envio) VALUES (11, 'entregado');
INSERT INTO envios (id_orden, estado_envio) VALUES (12, 'entregado');
INSERT INTO envios (id_orden, estado_envio) VALUES (13, 'entregado');
INSERT INTO envios (id_orden, estado_envio) VALUES (14, 'entregado');
INSERT INTO envios (id_orden, estado_envio) VALUES (15, 'entregado');
INSERT INTO envios (id_orden, estado_envio) VALUES (16, 'entregado');
INSERT INTO envios (id_orden, estado_envio) VALUES (17, 'entregado');
INSERT INTO envios (id_orden, estado_envio) VALUES (18, 'entregado');
INSERT INTO envios (id_orden, estado_envio) VALUES (19, 'entregado');
INSERT INTO envios (id_orden, estado_envio) VALUES (20, 'entregado');
INSERT INTO envios (id_orden, estado_envio) VALUES (21, 'entregado');
INSERT INTO envios (id_orden, estado_envio) VALUES (22, 'entregado');
INSERT INTO envios (id_orden, estado_envio) VALUES (23, 'entregado');
INSERT INTO envios (id_orden, estado_envio) VALUES (24, 'entregado');
INSERT INTO envios (id_orden, estado_envio) VALUES (25, 'entregado');
INSERT INTO envios (id_orden, estado_envio) VALUES (26, 'entregado');
INSERT INTO envios (id_orden, estado_envio) VALUES (27, 'entregado');
INSERT INTO envios (id_orden, estado_envio) VALUES (28, 'entregado');
INSERT INTO envios (id_orden, estado_envio) VALUES (29, 'entregado');
INSERT INTO envios (id_orden, estado_envio) VALUES (30, 'entregado');
INSERT INTO envios (id_orden, estado_envio) VALUES (31, 'entregado');
INSERT INTO envios (id_orden, estado_envio) VALUES (32, 'entregado');
INSERT INTO envios (id_orden, estado_envio) VALUES (33, 'entregado');
INSERT INTO envios (id_orden, estado_envio) VALUES (34, 'entregado');
INSERT INTO envios (id_orden, estado_envio) VALUES (35, 'entregado');
INSERT INTO envios (id_orden, estado_envio) VALUES (36, 'entregado');
INSERT INTO envios (id_orden, estado_envio) VALUES (37, 'entregado');
INSERT INTO envios (id_orden, estado_envio) VALUES (38, 'entregado');
INSERT INTO envios (id_orden, estado_envio) VALUES (39, 'entregado');
INSERT INTO envios (id_orden, estado_envio) VALUES (40, 'entregado');
INSERT INTO envios (id_orden, estado_envio) VALUES (41, 'entregado');
INSERT INTO envios (id_orden, estado_envio) VALUES (42, 'entregado');
INSERT INTO envios (id_orden, estado_envio) VALUES (43, 'entregado');
INSERT INTO envios (id_orden, estado_envio) VALUES (44, 'entregado');
INSERT INTO envios (id_orden, estado_envio) VALUES (45, 'entregado');
INSERT INTO envios (id_orden, estado_envio) VALUES (46, 'entregado');
INSERT INTO envios (id_orden, estado_envio) VALUES (47, 'entregado');
INSERT INTO envios (id_orden, estado_envio) VALUES (48, 'entregado');
INSERT INTO envios (id_orden, estado_envio) VALUES (49, 'entregado');
INSERT INTO envios (id_orden, estado_envio) VALUES (50, 'entregado');
INSERT INTO pagos (id_orden, id_pago_metodo, monto, estado) VALUES (1, 1, 1035.00, 'aprobado');
INSERT INTO pagos (id_orden, id_pago_metodo, monto, estado) VALUES (2, 1, 1035.00, 'aprobado');
INSERT INTO pagos (id_orden, id_pago_metodo, monto, estado) VALUES (3, 1, 1035.00, 'aprobado');
INSERT INTO pagos (id_orden, id_pago_metodo, monto, estado) VALUES (4, 1, 1035.00, 'aprobado');
INSERT INTO pagos (id_orden, id_pago_metodo, monto, estado) VALUES (5, 1, 1035.00, 'aprobado');
INSERT INTO pagos (id_orden, id_pago_metodo, monto, estado) VALUES (6, 1, 1035.00, 'aprobado');
INSERT INTO pagos (id_orden, id_pago_metodo, monto, estado) VALUES (7, 1, 1035.00, 'aprobado');
INSERT INTO pagos (id_orden, id_pago_metodo, monto, estado) VALUES (8, 1, 1035.00, 'aprobado');
INSERT INTO pagos (id_orden, id_pago_metodo, monto, estado) VALUES (9, 1, 1035.00, 'aprobado');
INSERT INTO pagos (id_orden, id_pago_metodo, monto, estado) VALUES (10, 1, 1035.00, 'aprobado');
INSERT INTO pagos (id_orden, id_pago_metodo, monto, estado) VALUES (11, 1, 1035.00, 'aprobado');
INSERT INTO pagos (id_orden, id_pago_metodo, monto, estado) VALUES (12, 1, 1035.00, 'aprobado');
INSERT INTO pagos (id_orden, id_pago_metodo, monto, estado) VALUES (13, 1, 1035.00, 'aprobado');
INSERT INTO pagos (id_orden, id_pago_metodo, monto, estado) VALUES (14, 1, 1035.00, 'aprobado');
INSERT INTO pagos (id_orden, id_pago_metodo, monto, estado) VALUES (15, 1, 1035.00, 'aprobado');
INSERT INTO pagos (id_orden, id_pago_metodo, monto, estado) VALUES (16, 1, 1035.00, 'aprobado');
INSERT INTO pagos (id_orden, id_pago_metodo, monto, estado) VALUES (17, 1, 1035.00, 'aprobado');
INSERT INTO pagos (id_orden, id_pago_metodo, monto, estado) VALUES (18, 1, 1035.00, 'aprobado');
INSERT INTO pagos (id_orden, id_pago_metodo, monto, estado) VALUES (19, 1, 1035.00, 'aprobado');
INSERT INTO pagos (id_orden, id_pago_metodo, monto, estado) VALUES (20, 1, 1035.00, 'aprobado');
INSERT INTO pagos (id_orden, id_pago_metodo, monto, estado) VALUES (21, 1, 1035.00, 'aprobado');
INSERT INTO pagos (id_orden, id_pago_metodo, monto, estado) VALUES (22, 1, 1035.00, 'aprobado');
INSERT INTO pagos (id_orden, id_pago_metodo, monto, estado) VALUES (23, 1, 1035.00, 'aprobado');
INSERT INTO pagos (id_orden, id_pago_metodo, monto, estado) VALUES (24, 1, 1035.00, 'aprobado');
INSERT INTO pagos (id_orden, id_pago_metodo, monto, estado) VALUES (25, 1, 1035.00, 'aprobado');
INSERT INTO pagos (id_orden, id_pago_metodo, monto, estado) VALUES (26, 1, 1035.00, 'aprobado');
INSERT INTO pagos (id_orden, id_pago_metodo, monto, estado) VALUES (27, 1, 1035.00, 'aprobado');
INSERT INTO pagos (id_orden, id_pago_metodo, monto, estado) VALUES (28, 1, 1035.00, 'aprobado');
INSERT INTO pagos (id_orden, id_pago_metodo, monto, estado) VALUES (29, 1, 1035.00, 'aprobado');
INSERT INTO pagos (id_orden, id_pago_metodo, monto, estado) VALUES (30, 1, 1035.00, 'aprobado');
INSERT INTO pagos (id_orden, id_pago_metodo, monto, estado) VALUES (31, 1, 1035.00, 'aprobado');
INSERT INTO pagos (id_orden, id_pago_metodo, monto, estado) VALUES (32, 1, 1035.00, 'aprobado');
INSERT INTO pagos (id_orden, id_pago_metodo, monto, estado) VALUES (33, 1, 1035.00, 'aprobado');
INSERT INTO pagos (id_orden, id_pago_metodo, monto, estado) VALUES (34, 1, 1035.00, 'aprobado');
INSERT INTO pagos (id_orden, id_pago_metodo, monto, estado) VALUES (35, 1, 1035.00, 'aprobado');
INSERT INTO pagos (id_orden, id_pago_metodo, monto, estado) VALUES (36, 1, 1035.00, 'aprobado');
INSERT INTO pagos (id_orden, id_pago_metodo, monto, estado) VALUES (37, 1, 1035.00, 'aprobado');
INSERT INTO pagos (id_orden, id_pago_metodo, monto, estado) VALUES (38, 1, 1035.00, 'aprobado');
INSERT INTO pagos (id_orden, id_pago_metodo, monto, estado) VALUES (39, 1, 1035.00, 'aprobado');
INSERT INTO pagos (id_orden, id_pago_metodo, monto, estado) VALUES (40, 1, 1035.00, 'aprobado');
INSERT INTO pagos (id_orden, id_pago_metodo, monto, estado) VALUES (41, 1, 1035.00, 'aprobado');
INSERT INTO pagos (id_orden, id_pago_metodo, monto, estado) VALUES (42, 1, 1035.00, 'aprobado');
INSERT INTO pagos (id_orden, id_pago_metodo, monto, estado) VALUES (43, 1, 1035.00, 'aprobado');
INSERT INTO pagos (id_orden, id_pago_metodo, monto, estado) VALUES (44, 1, 1035.00, 'aprobado');
INSERT INTO pagos (id_orden, id_pago_metodo, monto, estado) VALUES (45, 1, 1035.00, 'aprobado');
INSERT INTO pagos (id_orden, id_pago_metodo, monto, estado) VALUES (46, 1, 1035.00, 'aprobado');
INSERT INTO pagos (id_orden, id_pago_metodo, monto, estado) VALUES (47, 1, 1035.00, 'aprobado');
INSERT INTO pagos (id_orden, id_pago_metodo, monto, estado) VALUES (48, 1, 1035.00, 'aprobado');
INSERT INTO pagos (id_orden, id_pago_metodo, monto, estado) VALUES (49, 1, 1035.00, 'aprobado');
INSERT INTO pagos (id_orden, id_pago_metodo, monto, estado) VALUES (50, 1, 1035.00, 'aprobado');
INSERT INTO movimientos_inventario (id_producto, tipo, cantidad, stock_antes, stock_despues, id_usuario_resp) VALUES (1, 'entrada', 50, 0, 50, 1);
INSERT INTO movimientos_inventario (id_producto, tipo, cantidad, stock_antes, stock_despues, id_usuario_resp) VALUES (2, 'entrada', 50, 0, 50, 1);
INSERT INTO movimientos_inventario (id_producto, tipo, cantidad, stock_antes, stock_despues, id_usuario_resp) VALUES (3, 'entrada', 50, 0, 50, 1);
INSERT INTO movimientos_inventario (id_producto, tipo, cantidad, stock_antes, stock_despues, id_usuario_resp) VALUES (4, 'entrada', 50, 0, 50, 1);
INSERT INTO movimientos_inventario (id_producto, tipo, cantidad, stock_antes, stock_despues, id_usuario_resp) VALUES (5, 'entrada', 50, 0, 50, 1);
INSERT INTO movimientos_inventario (id_producto, tipo, cantidad, stock_antes, stock_despues, id_usuario_resp) VALUES (6, 'entrada', 50, 0, 50, 1);
INSERT INTO movimientos_inventario (id_producto, tipo, cantidad, stock_antes, stock_despues, id_usuario_resp) VALUES (7, 'entrada', 50, 0, 50, 1);
INSERT INTO movimientos_inventario (id_producto, tipo, cantidad, stock_antes, stock_despues, id_usuario_resp) VALUES (8, 'entrada', 50, 0, 50, 1);
INSERT INTO movimientos_inventario (id_producto, tipo, cantidad, stock_antes, stock_despues, id_usuario_resp) VALUES (9, 'entrada', 50, 0, 50, 1);
INSERT INTO movimientos_inventario (id_producto, tipo, cantidad, stock_antes, stock_despues, id_usuario_resp) VALUES (10, 'entrada', 50, 0, 50, 1);
INSERT INTO movimientos_inventario (id_producto, tipo, cantidad, stock_antes, stock_despues, id_usuario_resp) VALUES (11, 'entrada', 50, 0, 50, 1);
INSERT INTO movimientos_inventario (id_producto, tipo, cantidad, stock_antes, stock_despues, id_usuario_resp) VALUES (12, 'entrada', 50, 0, 50, 1);
INSERT INTO movimientos_inventario (id_producto, tipo, cantidad, stock_antes, stock_despues, id_usuario_resp) VALUES (13, 'entrada', 50, 0, 50, 1);
INSERT INTO movimientos_inventario (id_producto, tipo, cantidad, stock_antes, stock_despues, id_usuario_resp) VALUES (14, 'entrada', 50, 0, 50, 1);
INSERT INTO movimientos_inventario (id_producto, tipo, cantidad, stock_antes, stock_despues, id_usuario_resp) VALUES (15, 'entrada', 50, 0, 50, 1);
INSERT INTO movimientos_inventario (id_producto, tipo, cantidad, stock_antes, stock_despues, id_usuario_resp) VALUES (16, 'entrada', 50, 0, 50, 1);
INSERT INTO movimientos_inventario (id_producto, tipo, cantidad, stock_antes, stock_despues, id_usuario_resp) VALUES (17, 'entrada', 50, 0, 50, 1);
INSERT INTO movimientos_inventario (id_producto, tipo, cantidad, stock_antes, stock_despues, id_usuario_resp) VALUES (18, 'entrada', 50, 0, 50, 1);
INSERT INTO movimientos_inventario (id_producto, tipo, cantidad, stock_antes, stock_despues, id_usuario_resp) VALUES (19, 'entrada', 50, 0, 50, 1);
INSERT INTO movimientos_inventario (id_producto, tipo, cantidad, stock_antes, stock_despues, id_usuario_resp) VALUES (20, 'entrada', 50, 0, 50, 1);
INSERT INTO movimientos_inventario (id_producto, tipo, cantidad, stock_antes, stock_despues, id_usuario_resp) VALUES (21, 'entrada', 50, 0, 50, 1);
INSERT INTO movimientos_inventario (id_producto, tipo, cantidad, stock_antes, stock_despues, id_usuario_resp) VALUES (22, 'entrada', 50, 0, 50, 1);
INSERT INTO movimientos_inventario (id_producto, tipo, cantidad, stock_antes, stock_despues, id_usuario_resp) VALUES (23, 'entrada', 50, 0, 50, 1);
INSERT INTO movimientos_inventario (id_producto, tipo, cantidad, stock_antes, stock_despues, id_usuario_resp) VALUES (24, 'entrada', 50, 0, 50, 1);
INSERT INTO movimientos_inventario (id_producto, tipo, cantidad, stock_antes, stock_despues, id_usuario_resp) VALUES (25, 'entrada', 50, 0, 50, 1);
INSERT INTO movimientos_inventario (id_producto, tipo, cantidad, stock_antes, stock_despues, id_usuario_resp) VALUES (26, 'entrada', 50, 0, 50, 1);
INSERT INTO movimientos_inventario (id_producto, tipo, cantidad, stock_antes, stock_despues, id_usuario_resp) VALUES (27, 'entrada', 50, 0, 50, 1);
INSERT INTO movimientos_inventario (id_producto, tipo, cantidad, stock_antes, stock_despues, id_usuario_resp) VALUES (28, 'entrada', 50, 0, 50, 1);
INSERT INTO movimientos_inventario (id_producto, tipo, cantidad, stock_antes, stock_despues, id_usuario_resp) VALUES (29, 'entrada', 50, 0, 50, 1);
INSERT INTO movimientos_inventario (id_producto, tipo, cantidad, stock_antes, stock_despues, id_usuario_resp) VALUES (30, 'entrada', 50, 0, 50, 1);
INSERT INTO movimientos_inventario (id_producto, tipo, cantidad, stock_antes, stock_despues, id_usuario_resp) VALUES (31, 'entrada', 50, 0, 50, 1);
INSERT INTO movimientos_inventario (id_producto, tipo, cantidad, stock_antes, stock_despues, id_usuario_resp) VALUES (32, 'entrada', 50, 0, 50, 1);
INSERT INTO movimientos_inventario (id_producto, tipo, cantidad, stock_antes, stock_despues, id_usuario_resp) VALUES (33, 'entrada', 50, 0, 50, 1);
INSERT INTO movimientos_inventario (id_producto, tipo, cantidad, stock_antes, stock_despues, id_usuario_resp) VALUES (34, 'entrada', 50, 0, 50, 1);
INSERT INTO movimientos_inventario (id_producto, tipo, cantidad, stock_antes, stock_despues, id_usuario_resp) VALUES (35, 'entrada', 50, 0, 50, 1);
INSERT INTO movimientos_inventario (id_producto, tipo, cantidad, stock_antes, stock_despues, id_usuario_resp) VALUES (36, 'entrada', 50, 0, 50, 1);
INSERT INTO movimientos_inventario (id_producto, tipo, cantidad, stock_antes, stock_despues, id_usuario_resp) VALUES (37, 'entrada', 50, 0, 50, 1);
INSERT INTO movimientos_inventario (id_producto, tipo, cantidad, stock_antes, stock_despues, id_usuario_resp) VALUES (38, 'entrada', 50, 0, 50, 1);
INSERT INTO movimientos_inventario (id_producto, tipo, cantidad, stock_antes, stock_despues, id_usuario_resp) VALUES (39, 'entrada', 50, 0, 50, 1);
INSERT INTO movimientos_inventario (id_producto, tipo, cantidad, stock_antes, stock_despues, id_usuario_resp) VALUES (40, 'entrada', 50, 0, 50, 1);
INSERT INTO movimientos_inventario (id_producto, tipo, cantidad, stock_antes, stock_despues, id_usuario_resp) VALUES (41, 'entrada', 50, 0, 50, 1);
INSERT INTO movimientos_inventario (id_producto, tipo, cantidad, stock_antes, stock_despues, id_usuario_resp) VALUES (42, 'entrada', 50, 0, 50, 1);
INSERT INTO movimientos_inventario (id_producto, tipo, cantidad, stock_antes, stock_despues, id_usuario_resp) VALUES (43, 'entrada', 50, 0, 50, 1);
INSERT INTO movimientos_inventario (id_producto, tipo, cantidad, stock_antes, stock_despues, id_usuario_resp) VALUES (44, 'entrada', 50, 0, 50, 1);
INSERT INTO movimientos_inventario (id_producto, tipo, cantidad, stock_antes, stock_despues, id_usuario_resp) VALUES (45, 'entrada', 50, 0, 50, 1);
INSERT INTO movimientos_inventario (id_producto, tipo, cantidad, stock_antes, stock_despues, id_usuario_resp) VALUES (46, 'entrada', 50, 0, 50, 1);
INSERT INTO movimientos_inventario (id_producto, tipo, cantidad, stock_antes, stock_despues, id_usuario_resp) VALUES (47, 'entrada', 50, 0, 50, 1);
INSERT INTO movimientos_inventario (id_producto, tipo, cantidad, stock_antes, stock_despues, id_usuario_resp) VALUES (48, 'entrada', 50, 0, 50, 1);
INSERT INTO movimientos_inventario (id_producto, tipo, cantidad, stock_antes, stock_despues, id_usuario_resp) VALUES (49, 'entrada', 50, 0, 50, 1);
INSERT INTO movimientos_inventario (id_producto, tipo, cantidad, stock_antes, stock_despues, id_usuario_resp) VALUES (50, 'entrada', 50, 0, 50, 1);